sample_id,predicted_class,confidence
CSHT_0000,backdoor,0.6537
CSHT_0001,normal,0.7017
CSHT_0002,recon,0.2248
CSHT_0003,dos,0.1764
CSHT_0004,fuzzer,0.4145
CSHT_0005,shellcode,0.2524
CSHT_0006,exploit,0.415
CSHT_0007,analysis,0.2836
CSHT_0008,worm,0.472
CSHT_0009,generic,0.3852
CSHT_0010,backdoor,0.3112
CSHT_0011,normal,0.7629
CSHT_0012,recon,0.2779
CSHT_0013,dos,0.2239
CSHT_0014,fuzzer,0.3692
CSHT_0015,shellcode,0.387
CSHT_0016,exploit,0.2991
CSHT_0017,analysis,0.2642
CSHT_0018,worm,0.2228
CSHT_0019,generic,0.4231
CSHT_0020,backdoor,0.4873
CSHT_0021,normal,0.7389
CSHT_0022,recon,0.4624
CSHT_0023,dos,0.3278
CSHT_0024,fuzzer,0.3097
CSHT_0025,shellcode,0.2572
CSHT_0026,exploit,0.4364
CSHT_0027,analysis,0.3201
CSHT_0028,worm,0.3073
CSHT_0029,generic,0.3143
CSHT_0030,backdoor,0.2439
CSHT_0031,normal,0.6562
CSHT_0032,recon,0.4826
CSHT_0033,dos,0.133
CSHT_0034,fuzzer,0.3032
CSHT_0035,shellcode,0.5884
CSHT_0036,exploit,0.3569
CSHT_0037,analysis,0.4087
CSHT_0038,worm,0.7022
CSHT_0039,generic,0.3612
CSHT_0040,backdoor,0.6473
CSHT_0041,normal,0.4331
CSHT_0042,recon,0.2209
CSHT_0043,dos,0.3028
CSHT_0044,fuzzer,0.4249
CSHT_0045,shellcode,0.2821
CSHT_0046,exploit,0.1946
CSHT_0047,analysis,0.2936
CSHT_0048,worm,0.3369
CSHT_0049,generic,0.2764
CSHT_0050,backdoor,0.6569
CSHT_0051,normal,0.5781
CSHT_0052,recon,0.3581
CSHT_0053,dos,0.2033
CSHT_0054,fuzzer,0.3269
CSHT_0055,shellcode,0.2699
CSHT_0056,exploit,0.283
CSHT_0057,analysis,0.3619
CSHT_0058,worm,0.3734
CSHT_0059,generic,0.4986
CSHT_0060,backdoor,0.7654
CSHT_0061,normal,0.477
CSHT_0062,recon,0.2957
CSHT_0063,dos,0.2858
CSHT_0064,fuzzer,0.201
CSHT_0065,shellcode,0.3901
CSHT_0066,exploit,0.4393
CSHT_0067,analysis,0.5486
CSHT_0068,worm,0.3065
CSHT_0069,generic,0.4016
CSHT_0070,backdoor,0.2034
CSHT_0071,normal,0.5914
CSHT_0072,recon,0.4324
CSHT_0073,dos,0.284
CSHT_0074,fuzzer,0.2735
CSHT_0075,shellcode,0.7772
CSHT_0076,exploit,0.502
CSHT_0077,analysis,0.3572
CSHT_0078,worm,0.5544
CSHT_0079,generic,0.2755
CSHT_0080,backdoor,0.2444
CSHT_0081,normal,0.5871
CSHT_0082,recon,0.3791
CSHT_0083,dos,0.3624
CSHT_0084,fuzzer,0.3039
CSHT_0085,shellcode,0.3272
CSHT_0086,exploit,0.2324
CSHT_0087,analysis,0.2912
CSHT_0088,worm,0.465
CSHT_0089,generic,0.2128
CSHT_0090,backdoor,0.5453
CSHT_0091,normal,0.3672
CSHT_0092,recon,0.2517
CSHT_0093,dos,0.2964
CSHT_0094,fuzzer,0.5569
CSHT_0095,shellcode,0.4955
CSHT_0096,exploit,0.2728
CSHT_0097,analysis,0.3516
CSHT_0098,worm,0.1772
CSHT_0099,generic,0.2169
CSHT_0100,backdoor,0.6735
CSHT_0101,normal,0.3858
CSHT_0102,recon,0.2652
CSHT_0103,dos,0.3407
CSHT_0104,fuzzer,0.4612
CSHT_0105,shellcode,0.3299
CSHT_0106,exploit,0.3068
CSHT_0107,analysis,0.4298
CSHT_0108,worm,0.4265
CSHT_0109,generic,0.4011
CSHT_0110,backdoor,0.3692
CSHT_0111,normal,0.439
CSHT_0112,recon,0.2402
CSHT_0113,dos,0.2973
CSHT_0114,fuzzer,0.2738
CSHT_0115,shellcode,0.4884
CSHT_0116,exploit,0.2969
CSHT_0117,analysis,0.5744
CSHT_0118,worm,0.358
CSHT_0119,generic,0.2431
CSHT_0120,backdoor,0.6738
CSHT_0121,normal,0.5116
CSHT_0122,recon,0.4517
CSHT_0123,dos,0.3546
CSHT_0124,fuzzer,0.216
CSHT_0125,shellcode,0.7248
CSHT_0126,exploit,0.2315
CSHT_0127,analysis,0.3124
CSHT_0128,worm,0.3614
CSHT_0129,generic,0.3406
CSHT_0130,backdoor,0.2922
CSHT_0131,normal,0.4907
CSHT_0132,recon,0.2282
CSHT_0133,dos,0.2441
CSHT_0134,fuzzer,0.368
CSHT_0135,shellcode,0.7383
CSHT_0136,exploit,0.192
CSHT_0137,analysis,0.3473
CSHT_0138,worm,0.2774
CSHT_0139,generic,0.2659
CSHT_0140,backdoor,0.4667
CSHT_0141,normal,0.404
CSHT_0142,recon,0.5938
CSHT_0143,dos,0.5054
CSHT_0144,fuzzer,0.5375
CSHT_0145,shellcode,0.382
CSHT_0146,exploit,0.3371
CSHT_0147,analysis,0.4056
CSHT_0148,worm,0.2214
CSHT_0149,generic,0.4062
CSHT_0150,backdoor,0.6775
CSHT_0151,normal,0.6725
CSHT_0152,recon,0.1754
CSHT_0153,dos,0.2815
CSHT_0154,fuzzer,0.3714
CSHT_0155,shellcode,0.2409
CSHT_0156,exploit,0.3782
CSHT_0157,analysis,0.2383
CSHT_0158,worm,0.7469
CSHT_0159,generic,0.1774
CSHT_0160,backdoor,0.5534
CSHT_0161,normal,0.509
CSHT_0162,recon,0.5066
CSHT_0163,dos,0.1622
CSHT_0164,fuzzer,0.3936
CSHT_0165,shellcode,0.5866
CSHT_0166,exploit,0.3837
CSHT_0167,analysis,0.2527
CSHT_0168,worm,0.6629
CSHT_0169,generic,0.3437
CSHT_0170,backdoor,0.4552
CSHT_0171,normal,0.3158
CSHT_0172,recon,0.4146
CSHT_0173,dos,0.2382
CSHT_0174,fuzzer,0.322
CSHT_0175,shellcode,0.4253
CSHT_0176,exploit,0.4059
CSHT_0177,analysis,0.4495
CSHT_0178,worm,0.4097
CSHT_0179,generic,0.3135
CSHT_0180,backdoor,0.6431
CSHT_0181,normal,0.8396
CSHT_0182,recon,0.3595
CSHT_0183,dos,0.3306
CSHT_0184,fuzzer,0.4069
CSHT_0185,shellcode,0.3286
CSHT_0186,exploit,0.3414
CSHT_0187,analysis,0.3246
CSHT_0188,worm,0.6362
CSHT_0189,generic,0.3532
CSHT_0190,backdoor,0.3211
CSHT_0191,normal,0.33
CSHT_0192,recon,0.1558
CSHT_0193,dos,0.2855
CSHT_0194,fuzzer,0.3564
CSHT_0195,shellcode,0.6858
CSHT_0196,exploit,0.3635
CSHT_0197,analysis,0.2195
CSHT_0198,worm,0.4392
CSHT_0199,generic,0.3444
CSHT_0200,backdoor,0.5401
CSHT_0201,normal,0.4526
CSHT_0202,recon,0.5107
CSHT_0203,dos,0.276
CSHT_0204,fuzzer,0.5522
CSHT_0205,shellcode,0.3367
CSHT_0206,exploit,0.2367
CSHT_0207,analysis,0.4472
CSHT_0208,worm,0.3373
CSHT_0209,generic,0.3153
CSHT_0210,backdoor,0.7213
CSHT_0211,normal,0.6239
CSHT_0212,recon,0.3717
CSHT_0213,dos,0.2537
CSHT_0214,fuzzer,0.5778
CSHT_0215,shellcode,0.5299
CSHT_0216,exploit,0.3453
CSHT_0217,analysis,0.3116
CSHT_0218,worm,0.2217
CSHT_0219,generic,0.2516
CSHT_0220,backdoor,0.2826
CSHT_0221,normal,0.209
CSHT_0222,recon,0.3204
CSHT_0223,dos,0.2778
CSHT_0224,fuzzer,0.4086
CSHT_0225,shellcode,0.1247
CSHT_0226,exploit,0.3752
CSHT_0227,analysis,0.4027
CSHT_0228,worm,0.1709
CSHT_0229,generic,0.2364
CSHT_0230,backdoor,0.3753
CSHT_0231,normal,0.3117
CSHT_0232,recon,0.367
CSHT_0233,dos,0.2856
CSHT_0234,fuzzer,0.4924
CSHT_0235,shellcode,0.534
CSHT_0236,exploit,0.5065
CSHT_0237,analysis,0.2543
CSHT_0238,worm,0.4277
CSHT_0239,generic,0.291
CSHT_0240,backdoor,0.2559
CSHT_0241,normal,0.4518
CSHT_0242,recon,0.4933
CSHT_0243,dos,0.2768
CSHT_0244,fuzzer,0.1684
CSHT_0245,shellcode,0.7264
CSHT_0246,exploit,0.241
CSHT_0247,analysis,0.2792
CSHT_0248,worm,0.3631
CSHT_0249,generic,0.1495
CSHT_0250,backdoor,0.5483
CSHT_0251,normal,0.7914
CSHT_0252,recon,0.3171
CSHT_0253,dos,0.1685
CSHT_0254,fuzzer,0.2955
CSHT_0255,shellcode,0.2206
CSHT_0256,exploit,0.255
CSHT_0257,analysis,0.4444
CSHT_0258,worm,0.4632
CSHT_0259,generic,0.2096
CSHT_0260,backdoor,0.0958
CSHT_0261,normal,0.5501
CSHT_0262,recon,0.3014
CSHT_0263,dos,0.2153
CSHT_0264,fuzzer,0.4198
CSHT_0265,shellcode,0.8067
CSHT_0266,exploit,0.1983
CSHT_0267,analysis,0.3462
CSHT_0268,worm,0.7471
CSHT_0269,generic,0.3726
CSHT_0270,backdoor,0.4218
CSHT_0271,normal,0.2232
CSHT_0272,recon,0.2829
CSHT_0273,dos,0.2653
CSHT_0274,fuzzer,0.3922
CSHT_0275,shellcode,0.3156
CSHT_0276,exploit,0.4022
CSHT_0277,analysis,0.3742
CSHT_0278,worm,0.3741
CSHT_0279,generic,0.2806
CSHT_0280,backdoor,0.6009
CSHT_0281,normal,0.4237
CSHT_0282,recon,0.4351
CSHT_0283,dos,0.2756
CSHT_0284,fuzzer,0.3972
CSHT_0285,shellcode,0.6505
CSHT_0286,exploit,0.4589
CSHT_0287,analysis,0.5045
CSHT_0288,worm,0.5333
CSHT_0289,generic,0.3277
CSHT_0290,backdoor,0.5148
CSHT_0291,normal,0.2345
CSHT_0292,recon,0.4719
CSHT_0293,dos,0.2117
CSHT_0294,fuzzer,0.2547
CSHT_0295,shellcode,0.5856
CSHT_0296,exploit,0.2287
CSHT_0297,analysis,0.3539
CSHT_0298,worm,0.2198
CSHT_0299,generic,0.3273
CSHT_0300,backdoor,0.1812
CSHT_0301,normal,0.6625
CSHT_0302,recon,0.325
CSHT_0303,dos,0.3148
CSHT_0304,fuzzer,0.5866
CSHT_0305,shellcode,0.4005
CSHT_0306,exploit,0.2566
CSHT_0307,analysis,0.513
CSHT_0308,worm,0.4289
CSHT_0309,generic,0.2285
CSHT_0310,backdoor,0.1652
CSHT_0311,normal,0.6054
CSHT_0312,recon,0.3476
CSHT_0313,dos,0.2908
CSHT_0314,fuzzer,0.1856
CSHT_0315,shellcode,0.5094
CSHT_0316,exploit,0.2412
CSHT_0317,analysis,0.3115
CSHT_0318,worm,0.1642
CSHT_0319,generic,0.4704
CSHT_0320,backdoor,0.4582
CSHT_0321,normal,0.3679
CSHT_0322,recon,0.1985
CSHT_0323,dos,0.3353
CSHT_0324,fuzzer,0.3001
CSHT_0325,shellcode,0.5286
CSHT_0326,exploit,0.205
CSHT_0327,analysis,0.2008
CSHT_0328,worm,0.4299
CSHT_0329,generic,0.2928
CSHT_0330,backdoor,0.1715
CSHT_0331,normal,0.2415
CSHT_0332,recon,0.2875
CSHT_0333,dos,0.2382
CSHT_0334,fuzzer,0.234
CSHT_0335,shellcode,0.7676
CSHT_0336,exploit,0.2045
CSHT_0337,analysis,0.3727
CSHT_0338,worm,0.424
CSHT_0339,generic,0.3513
CSHT_0340,backdoor,0.1634
CSHT_0341,normal,0.5725
CSHT_0342,recon,0.3304
CSHT_0343,dos,0.2436
CSHT_0344,fuzzer,0.4363
CSHT_0345,shellcode,0.692
CSHT_0346,exploit,0.2602
CSHT_0347,analysis,0.307
CSHT_0348,worm,0.3435
CSHT_0349,generic,0.4624
CSHT_0350,backdoor,0.5957
CSHT_0351,normal,0.6651
CSHT_0352,recon,0.4299
CSHT_0353,dos,0.2798
CSHT_0354,fuzzer,0.1739
CSHT_0355,shellcode,0.4296
CSHT_0356,exploit,0.2584
CSHT_0357,analysis,0.3897
CSHT_0358,worm,0.3933
CSHT_0359,generic,0.4509
CSHT_0360,backdoor,0.316
CSHT_0361,normal,0.4133
CSHT_0362,recon,0.443
CSHT_0363,dos,0.3563
CSHT_0364,fuzzer,0.48
CSHT_0365,shellcode,0.5071
CSHT_0366,exploit,0.2552
CSHT_0367,analysis,0.2376
CSHT_0368,worm,0.2682
CSHT_0369,generic,0.3626
CSHT_0370,backdoor,0.4998
CSHT_0371,normal,0.1175
CSHT_0372,recon,0.2438
CSHT_0373,dos,0.2687
CSHT_0374,fuzzer,0.2391
CSHT_0375,shellcode,0.7519
CSHT_0376,exploit,0.1968
CSHT_0377,analysis,0.2706
CSHT_0378,worm,0.4074
CSHT_0379,generic,0.253
CSHT_0380,backdoor,0.2632
CSHT_0381,normal,0.4753
CSHT_0382,recon,0.2256
CSHT_0383,dos,0.2339
CSHT_0384,fuzzer,0.3255
CSHT_0385,shellcode,0.4969
CSHT_0386,exploit,0.2762
CSHT_0387,analysis,0.2825
CSHT_0388,worm,0.2438
CSHT_0389,generic,0.6167
CSHT_0390,backdoor,0.2531
CSHT_0391,normal,0.466
CSHT_0392,recon,0.3133
CSHT_0393,dos,0.4444
CSHT_0394,fuzzer,0.4685
CSHT_0395,shellcode,0.5693
CSHT_0396,exploit,0.3623
CSHT_0397,analysis,0.2779
CSHT_0398,worm,0.5194
CSHT_0399,generic,0.2541
CSHT_0400,backdoor,0.4823
CSHT_0401,normal,0.7108
CSHT_0402,recon,0.403
CSHT_0403,dos,0.2635
CSHT_0404,fuzzer,0.5065
CSHT_0405,shellcode,0.6868
CSHT_0406,exploit,0.3206
CSHT_0407,analysis,0.333
CSHT_0408,worm,0.5097
CSHT_0409,generic,0.2232
CSHT_0410,backdoor,0.5411
CSHT_0411,normal,0.4079
CSHT_0412,recon,0.4136
CSHT_0413,dos,0.2038
CSHT_0414,fuzzer,0.5867
CSHT_0415,shellcode,0.5586
CSHT_0416,exploit,0.2607
CSHT_0417,analysis,0.4195
CSHT_0418,worm,0.4316
CSHT_0419,generic,0.4954
CSHT_0420,backdoor,0.3121
CSHT_0421,normal,0.7895
CSHT_0422,recon,0.3593
CSHT_0423,dos,0.328
CSHT_0424,fuzzer,0.2322
CSHT_0425,shellcode,0.2409
CSHT_0426,exploit,0.3003
CSHT_0427,analysis,0.2783
CSHT_0428,worm,0.1807
CSHT_0429,generic,0.2847
CSHT_0430,backdoor,0.1641
CSHT_0431,normal,0.3885
CSHT_0432,recon,0.3226
CSHT_0433,dos,0.4008
CSHT_0434,fuzzer,0.3391
CSHT_0435,shellcode,0.7358
CSHT_0436,exploit,0.3
CSHT_0437,analysis,0.4361
CSHT_0438,worm,0.3449
CSHT_0439,generic,0.4704
CSHT_0440,backdoor,0.3533
CSHT_0441,normal,0.3615
CSHT_0442,recon,0.3741
CSHT_0443,dos,0.6123
CSHT_0444,fuzzer,0.1134
CSHT_0445,shellcode,0.4768
CSHT_0446,exploit,0.5949
CSHT_0447,analysis,0.3052
CSHT_0448,worm,0.475
CSHT_0449,generic,0.2545
CSHT_0450,backdoor,0.451
CSHT_0451,normal,0.5536
CSHT_0452,recon,0.3853
CSHT_0453,dos,0.4187
CSHT_0454,fuzzer,0.4895
CSHT_0455,shellcode,0.2729
CSHT_0456,exploit,0.1771
CSHT_0457,analysis,0.3679
CSHT_0458,worm,0.163
CSHT_0459,generic,0.2851
CSHT_0460,backdoor,0.2546
CSHT_0461,normal,0.5623
CSHT_0462,recon,0.2823
CSHT_0463,dos,0.2726
CSHT_0464,fuzzer,0.2772
CSHT_0465,shellcode,0.1925
CSHT_0466,exploit,0.3906
CSHT_0467,analysis,0.2756
CSHT_0468,worm,0.1826
CSHT_0469,generic,0.3778
CSHT_0470,backdoor,0.1343
CSHT_0471,normal,0.651
CSHT_0472,recon,0.5032
CSHT_0473,dos,0.3332
CSHT_0474,fuzzer,0.3942
CSHT_0475,shellcode,0.7548
CSHT_0476,exploit,0.3398
CSHT_0477,analysis,0.2132
CSHT_0478,worm,0.3313
CSHT_0479,generic,0.2557
CSHT_0480,backdoor,0.2337
CSHT_0481,normal,0.4046
CSHT_0482,recon,0.2513
CSHT_0483,dos,0.1726
CSHT_0484,fuzzer,0.2371
CSHT_0485,shellcode,0.3983
CSHT_0486,exploit,0.2838
CSHT_0487,analysis,0.3707
CSHT_0488,worm,0.2981
CSHT_0489,generic,0.4381
CSHT_0490,backdoor,0.4279
CSHT_0491,normal,0.5474
CSHT_0492,recon,0.287
CSHT_0493,dos,0.2838
CSHT_0494,fuzzer,0.2532
CSHT_0495,shellcode,0.3953
CSHT_0496,exploit,0.2106
CSHT_0497,analysis,0.2993
CSHT_0498,worm,0.5177
CSHT_0499,generic,0.4302
CSHT_0500,backdoor,0.1406
CSHT_0501,normal,0.3492
CSHT_0502,recon,0.3487
CSHT_0503,dos,0.2295
CSHT_0504,fuzzer,0.2654
CSHT_0505,shellcode,0.8432
CSHT_0506,exploit,0.2656
CSHT_0507,analysis,0.2512
CSHT_0508,worm,0.5727
CSHT_0509,generic,0.2625
CSHT_0510,backdoor,0.6009
CSHT_0511,normal,0.3206
CSHT_0512,recon,0.2831
CSHT_0513,dos,0.5209
CSHT_0514,fuzzer,0.2338
CSHT_0515,shellcode,0.3519
CSHT_0516,exploit,0.1658
CSHT_0517,analysis,0.2542
CSHT_0518,worm,0.271
CSHT_0519,generic,0.1859
CSHT_0520,backdoor,0.269
CSHT_0521,normal,0.3188
CSHT_0522,recon,0.2793
CSHT_0523,dos,0.2782
CSHT_0524,fuzzer,0.1917
CSHT_0525,shellcode,0.7493
CSHT_0526,exploit,0.436
CSHT_0527,analysis,0.2379
CSHT_0528,worm,0.3933
CSHT_0529,generic,0.2671
CSHT_0530,backdoor,0.4505
CSHT_0531,normal,0.6892
CSHT_0532,recon,0.3157
CSHT_0533,dos,0.3983
CSHT_0534,fuzzer,0.3501
CSHT_0535,shellcode,0.3783
CSHT_0536,exploit,0.5337
CSHT_0537,analysis,0.2964
CSHT_0538,worm,0.4521
CSHT_0539,generic,0.2544
CSHT_0540,backdoor,0.2252
CSHT_0541,normal,0.4099
CSHT_0542,recon,0.2382
CSHT_0543,dos,0.3247
CSHT_0544,fuzzer,0.2994
CSHT_0545,shellcode,0.6884
CSHT_0546,exploit,0.1159
CSHT_0547,analysis,0.3657
CSHT_0548,worm,0.2627
CSHT_0549,generic,0.5344
CSHT_0550,backdoor,0.3491
CSHT_0551,normal,0.4822
CSHT_0552,recon,0.366
CSHT_0553,dos,0.2213
CSHT_0554,fuzzer,0.3839
CSHT_0555,shellcode,0.8023
CSHT_0556,exploit,0.3599
CSHT_0557,analysis,0.4171
CSHT_0558,worm,0.3727
CSHT_0559,generic,0.254
CSHT_0560,backdoor,0.426
CSHT_0561,normal,0.4682
CSHT_0562,recon,0.227
CSHT_0563,dos,0.2947
CSHT_0564,fuzzer,0.3849
CSHT_0565,shellcode,0.3925
CSHT_0566,exploit,0.3809
CSHT_0567,analysis,0.4568
CSHT_0568,worm,0.4458
CSHT_0569,generic,0.5634
CSHT_0570,backdoor,0.6008
CSHT_0571,normal,0.2341
CSHT_0572,recon,0.6905
CSHT_0573,dos,0.3456
CSHT_0574,fuzzer,0.456
CSHT_0575,shellcode,0.4545
CSHT_0576,exploit,0.3598
CSHT_0577,analysis,0.4097
CSHT_0578,worm,0.2172
CSHT_0579,generic,0.282
CSHT_0580,backdoor,0.6478
CSHT_0581,normal,0.7263
CSHT_0582,recon,0.1738
CSHT_0583,dos,0.4988
CSHT_0584,fuzzer,0.4516
CSHT_0585,shellcode,0.7352
CSHT_0586,exploit,0.3399
CSHT_0587,analysis,0.417
CSHT_0588,worm,0.2694
CSHT_0589,generic,0.2657
CSHT_0590,backdoor,0.1511
CSHT_0591,normal,0.4717
CSHT_0592,recon,0.3897
CSHT_0593,dos,0.2575
CSHT_0594,fuzzer,0.3275
CSHT_0595,shellcode,0.3018
CSHT_0596,exploit,0.2654
CSHT_0597,analysis,0.2648
CSHT_0598,worm,0.4834
CSHT_0599,generic,0.5626
CSHT_0600,backdoor,0.2243
CSHT_0601,normal,0.1669
CSHT_0602,recon,0.2422
CSHT_0603,dos,0.3366
CSHT_0604,fuzzer,0.3589
CSHT_0605,shellcode,0.5698
CSHT_0606,exploit,0.2102
CSHT_0607,analysis,0.4375
CSHT_0608,worm,0.3882
CSHT_0609,generic,0.44
CSHT_0610,backdoor,0.6589
CSHT_0611,normal,0.6033
CSHT_0612,recon,0.526
CSHT_0613,dos,0.1337
CSHT_0614,fuzzer,0.3995
CSHT_0615,shellcode,0.4341
CSHT_0616,exploit,0.218
CSHT_0617,analysis,0.3209
CSHT_0618,worm,0.2167
CSHT_0619,generic,0.3496
CSHT_0620,backdoor,0.319
CSHT_0621,normal,0.1334
CSHT_0622,recon,0.1905
CSHT_0623,dos,0.3889
CSHT_0624,fuzzer,0.2434
CSHT_0625,shellcode,0.4521
CSHT_0626,exploit,0.3191
CSHT_0627,analysis,0.5627
CSHT_0628,worm,0.4919
CSHT_0629,generic,0.1721
CSHT_0630,backdoor,0.6894
CSHT_0631,normal,0.379
CSHT_0632,recon,0.4741
CSHT_0633,dos,0.2479
CSHT_0634,fuzzer,0.4617
CSHT_0635,shellcode,0.8289
CSHT_0636,exploit,0.3037
CSHT_0637,analysis,0.2591
CSHT_0638,worm,0.3213
CSHT_0639,generic,0.2506
CSHT_0640,backdoor,0.1011
CSHT_0641,normal,0.5202
CSHT_0642,recon,0.2347
CSHT_0643,dos,0.347
CSHT_0644,fuzzer,0.4968
CSHT_0645,shellcode,0.6275
CSHT_0646,exploit,0.2153
CSHT_0647,analysis,0.3996
CSHT_0648,worm,0.2271
CSHT_0649,generic,0.2663
CSHT_0650,backdoor,0.3016
CSHT_0651,normal,0.298
CSHT_0652,recon,0.454
CSHT_0653,dos,0.2078
CSHT_0654,fuzzer,0.1263
CSHT_0655,shellcode,0.301
CSHT_0656,exploit,0.2767
CSHT_0657,analysis,0.1805
CSHT_0658,worm,0.4867
CSHT_0659,generic,0.2598
CSHT_0660,backdoor,0.3959
CSHT_0661,normal,0.3606
CSHT_0662,recon,0.1854
CSHT_0663,dos,0.1869
CSHT_0664,fuzzer,0.2407
CSHT_0665,shellcode,0.5582
CSHT_0666,exploit,0.2436
CSHT_0667,analysis,0.6146
CSHT_0668,worm,0.7329
CSHT_0669,generic,0.2337
CSHT_0670,backdoor,0.4505
CSHT_0671,normal,0.3211
CSHT_0672,recon,0.1976
CSHT_0673,dos,0.2597
CSHT_0674,fuzzer,0.441
CSHT_0675,shellcode,0.2485
CSHT_0676,exploit,0.3029
CSHT_0677,analysis,0.3145
CSHT_0678,worm,0.7142
CSHT_0679,generic,0.2594
CSHT_0680,backdoor,0.3133
CSHT_0681,normal,0.3509
CSHT_0682,recon,0.311
CSHT_0683,dos,0.2702
CSHT_0684,fuzzer,0.3188
CSHT_0685,shellcode,0.4002
CSHT_0686,exploit,0.273
CSHT_0687,analysis,0.2192
CSHT_0688,worm,0.5376
CSHT_0689,generic,0.3483
CSHT_0690,backdoor,0.2174
CSHT_0691,normal,0.6527
CSHT_0692,recon,0.4159
CSHT_0693,dos,0.1777
CSHT_0694,fuzzer,0.3229
CSHT_0695,shellcode,0.4768
CSHT_0696,exploit,0.3211
CSHT_0697,analysis,0.1485
CSHT_0698,worm,0.4676
CSHT_0699,generic,0.3682
CSHT_0700,backdoor,0.3595
CSHT_0701,normal,0.4431
CSHT_0702,recon,0.3884
CSHT_0703,dos,0.2386
CSHT_0704,fuzzer,0.6013
CSHT_0705,shellcode,0.3054
CSHT_0706,exploit,0.5524
CSHT_0707,analysis,0.1959
CSHT_0708,worm,0.517
CSHT_0709,generic,0.3734
CSHT_0710,backdoor,0.3438
CSHT_0711,normal,0.1019
CSHT_0712,recon,0.396
CSHT_0713,dos,0.4144
CSHT_0714,fuzzer,0.4455
CSHT_0715,shellcode,0.2366
CSHT_0716,exploit,0.2805
CSHT_0717,analysis,0.3432
CSHT_0718,worm,0.2489
CSHT_0719,generic,0.1917
CSHT_0720,backdoor,0.2526
CSHT_0721,normal,0.6758
CSHT_0722,recon,0.3683
CSHT_0723,dos,0.42
CSHT_0724,fuzzer,0.3964
CSHT_0725,shellcode,0.5555
CSHT_0726,exploit,0.1898
CSHT_0727,analysis,0.2757
CSHT_0728,worm,0.4241
CSHT_0729,generic,0.2985
CSHT_0730,backdoor,0.5074
CSHT_0731,normal,0.4366
CSHT_0732,recon,0.3046
CSHT_0733,dos,0.2236
CSHT_0734,fuzzer,0.5014
CSHT_0735,shellcode,0.4787
CSHT_0736,exploit,0.2243
CSHT_0737,analysis,0.1348
CSHT_0738,worm,0.3548
CSHT_0739,generic,0.2969
CSHT_0740,backdoor,0.1161
CSHT_0741,normal,0.2939
CSHT_0742,recon,0.0883
CSHT_0743,dos,0.1928
CSHT_0744,fuzzer,0.4011
CSHT_0745,shellcode,0.8271
CSHT_0746,exploit,0.2405
CSHT_0747,analysis,0.2665
CSHT_0748,worm,0.6452
CSHT_0749,generic,0.4831
CSHT_0750,backdoor,0.1676
CSHT_0751,normal,0.8166
CSHT_0752,recon,0.4621
CSHT_0753,dos,0.2308
CSHT_0754,fuzzer,0.4418
CSHT_0755,shellcode,0.7535
CSHT_0756,exploit,0.1955
CSHT_0757,analysis,0.4343
CSHT_0758,worm,0.2784
CSHT_0759,generic,0.3978
CSHT_0760,backdoor,0.3754
CSHT_0761,normal,0.5503
CSHT_0762,recon,0.2997
CSHT_0763,dos,0.3923
CSHT_0764,fuzzer,0.3225
CSHT_0765,shellcode,0.3683
CSHT_0766,exploit,0.2131
CSHT_0767,analysis,0.2564
CSHT_0768,worm,0.3396
CSHT_0769,generic,0.3025
CSHT_0770,backdoor,0.596
CSHT_0771,normal,0.7602
CSHT_0772,recon,0.3843
CSHT_0773,dos,0.2054
CSHT_0774,fuzzer,0.1963
CSHT_0775,shellcode,0.5727
CSHT_0776,exploit,0.2449
CSHT_0777,analysis,0.251
CSHT_0778,worm,0.3904
CSHT_0779,generic,0.1825
CSHT_0780,backdoor,0.2846
CSHT_0781,normal,0.4092
CSHT_0782,recon,0.4275
CSHT_0783,dos,0.4476
CSHT_0784,fuzzer,0.4012
CSHT_0785,shellcode,0.2296
CSHT_0786,exploit,0.2848
CSHT_0787,analysis,0.3763
CSHT_0788,worm,0.4752
CSHT_0789,generic,0.2066
CSHT_0790,backdoor,0.5318
CSHT_0791,normal,0.3711
CSHT_0792,recon,0.2468
CSHT_0793,dos,0.1736
CSHT_0794,fuzzer,0.3209
CSHT_0795,shellcode,0.1945
CSHT_0796,exploit,0.2339
CSHT_0797,analysis,0.1253
CSHT_0798,worm,0.1683
CSHT_0799,generic,0.2045
CSHT_0800,backdoor,0.5802
CSHT_0801,normal,0.3501
CSHT_0802,recon,0.1918
CSHT_0803,dos,0.2941
CSHT_0804,fuzzer,0.2861
CSHT_0805,shellcode,0.7417
CSHT_0806,exploit,0.2561
CSHT_0807,analysis,0.1371
CSHT_0808,worm,0.4975
CSHT_0809,generic,0.2028
CSHT_0810,backdoor,0.4108
CSHT_0811,normal,0.1923
CSHT_0812,recon,0.3027
CSHT_0813,dos,0.3708
CSHT_0814,fuzzer,0.3201
CSHT_0815,shellcode,0.5049
CSHT_0816,exploit,0.2175
CSHT_0817,analysis,0.4136
CSHT_0818,worm,0.5939
CSHT_0819,generic,0.3126
CSHT_0820,backdoor,0.7301
CSHT_0821,normal,0.3615
CSHT_0822,recon,0.3791
CSHT_0823,dos,0.1521
CSHT_0824,fuzzer,0.2942
CSHT_0825,shellcode,0.6432
CSHT_0826,exploit,0.3447
CSHT_0827,analysis,0.449
CSHT_0828,worm,0.5721
CSHT_0829,generic,0.2284
CSHT_0830,backdoor,0.5701
CSHT_0831,normal,0.4533
CSHT_0832,recon,0.4273
CSHT_0833,dos,0.2812
CSHT_0834,fuzzer,0.3046
CSHT_0835,shellcode,0.4202
CSHT_0836,exploit,0.4236
CSHT_0837,analysis,0.3958
CSHT_0838,worm,0.2299
CSHT_0839,generic,0.4527
CSHT_0840,backdoor,0.3298
CSHT_0841,normal,0.7695
CSHT_0842,recon,0.3244
CSHT_0843,dos,0.5063
CSHT_0844,fuzzer,0.107
CSHT_0845,shellcode,0.4702
CSHT_0846,exploit,0.3395
CSHT_0847,analysis,0.3891
CSHT_0848,worm,0.6992
CSHT_0849,generic,0.2523
CSHT_0850,backdoor,0.3906
CSHT_0851,normal,0.7041
CSHT_0852,recon,0.2888
CSHT_0853,dos,0.3179
CSHT_0854,fuzzer,0.4719
CSHT_0855,shellcode,0.7195
CSHT_0856,exploit,0.304
CSHT_0857,analysis,0.1496
CSHT_0858,worm,0.3096
CSHT_0859,generic,0.2222
CSHT_0860,backdoor,0.1276
CSHT_0861,normal,0.5245
CSHT_0862,recon,0.4016
CSHT_0863,dos,0.2444
CSHT_0864,fuzzer,0.4172
CSHT_0865,shellcode,0.1592
CSHT_0866,exploit,0.2415
CSHT_0867,analysis,0.2944
CSHT_0868,worm,0.7667
CSHT_0869,generic,0.375
CSHT_0870,backdoor,0.6605
CSHT_0871,normal,0.3014
CSHT_0872,recon,0.1681
CSHT_0873,dos,0.3913
CSHT_0874,fuzzer,0.3023
CSHT_0875,shellcode,0.6743
CSHT_0876,exploit,0.4975
CSHT_0877,analysis,0.3011
CSHT_0878,worm,0.3497
CSHT_0879,generic,0.1897
CSHT_0880,backdoor,0.5871
CSHT_0881,normal,0.6856
CSHT_0882,recon,0.373
CSHT_0883,dos,0.4018
CSHT_0884,fuzzer,0.1379
CSHT_0885,shellcode,0.6512
CSHT_0886,exploit,0.1976
CSHT_0887,analysis,0.4714
CSHT_0888,worm,0.5296
CSHT_0889,generic,0.3339
CSHT_0890,backdoor,0.5233
CSHT_0891,normal,0.6896
CSHT_0892,recon,0.6109
CSHT_0893,dos,0.183
CSHT_0894,fuzzer,0.3504
CSHT_0895,shellcode,0.7121
CSHT_0896,exploit,0.2617
CSHT_0897,analysis,0.3061
CSHT_0898,worm,0.5195
CSHT_0899,generic,0.3425
CSHT_0900,backdoor,0.0791
CSHT_0901,normal,0.1859
CSHT_0902,recon,0.1863
CSHT_0903,dos,0.1991
CSHT_0904,fuzzer,0.687
CSHT_0905,shellcode,0.8343
CSHT_0906,exploit,0.2542
CSHT_0907,analysis,0.2873
CSHT_0908,worm,0.6894
CSHT_0909,generic,0.203
CSHT_0910,backdoor,0.3212
CSHT_0911,normal,0.239
CSHT_0912,recon,0.3922
CSHT_0913,dos,0.2227
CSHT_0914,fuzzer,0.3225
CSHT_0915,shellcode,0.4917
CSHT_0916,exploit,0.2869
CSHT_0917,analysis,0.121
CSHT_0918,worm,0.1231
CSHT_0919,generic,0.2552
CSHT_0920,backdoor,0.6046
CSHT_0921,normal,0.3736
CSHT_0922,recon,0.4094
CSHT_0923,dos,0.234
CSHT_0924,fuzzer,0.2949
CSHT_0925,shellcode,0.5373
CSHT_0926,exploit,0.3699
CSHT_0927,analysis,0.3585
CSHT_0928,worm,0.4103
CSHT_0929,generic,0.1456
CSHT_0930,backdoor,0.537
CSHT_0931,normal,0.14
CSHT_0932,recon,0.3194
CSHT_0933,dos,0.1792
CSHT_0934,fuzzer,0.4813
CSHT_0935,shellcode,0.3814
CSHT_0936,exploit,0.2994
CSHT_0937,analysis,0.1004
CSHT_0938,worm,0.3829
CSHT_0939,generic,0.3053
CSHT_0940,backdoor,0.121
CSHT_0941,normal,0.3882
CSHT_0942,recon,0.2326
CSHT_0943,dos,0.224
CSHT_0944,fuzzer,0.519
CSHT_0945,shellcode,0.4827
CSHT_0946,exploit,0.2907
CSHT_0947,analysis,0.3963
CSHT_0948,worm,0.208
CSHT_0949,generic,0.4907
CSHT_0950,backdoor,0.3842
CSHT_0951,normal,0.1561
CSHT_0952,recon,0.2977
CSHT_0953,dos,0.2501
CSHT_0954,fuzzer,0.136
CSHT_0955,shellcode,0.4606
CSHT_0956,exploit,0.3392
CSHT_0957,analysis,0.4447
CSHT_0958,worm,0.4476
CSHT_0959,generic,0.2791
CSHT_0960,backdoor,0.6654
CSHT_0961,normal,0.4881
CSHT_0962,recon,0.353
CSHT_0963,dos,0.2642
CSHT_0964,fuzzer,0.467
CSHT_0965,shellcode,0.4615
CSHT_0966,exploit,0.2736
CSHT_0967,analysis,0.328
CSHT_0968,worm,0.3495
CSHT_0969,generic,0.3055
CSHT_0970,backdoor,0.4343
CSHT_0971,normal,0.3184
CSHT_0972,recon,0.4471
CSHT_0973,dos,0.3692
CSHT_0974,fuzzer,0.2528
CSHT_0975,shellcode,0.6623
CSHT_0976,exploit,0.4952
CSHT_0977,analysis,0.3677
CSHT_0978,worm,0.2269
CSHT_0979,generic,0.4091
CSHT_0980,backdoor,0.5306
CSHT_0981,normal,0.6966
CSHT_0982,recon,0.3152
CSHT_0983,dos,0.3187
CSHT_0984,fuzzer,0.3529
CSHT_0985,shellcode,0.168
CSHT_0986,exploit,0.3292
CSHT_0987,analysis,0.2616
CSHT_0988,worm,0.5602
CSHT_0989,generic,0.349
CSHT_0990,backdoor,0.6356
CSHT_0991,normal,0.421
CSHT_0992,recon,0.4588
CSHT_0993,dos,0.4544
CSHT_0994,fuzzer,0.3384
CSHT_0995,shellcode,0.3398
CSHT_0996,exploit,0.4337
CSHT_0997,analysis,0.2369
CSHT_0998,worm,0.5767
CSHT_0999,generic,0.3406
CSHT_1000,backdoor,0.651
CSHT_1001,normal,0.4546
CSHT_1002,recon,0.1812
CSHT_1003,dos,0.2739
CSHT_1004,fuzzer,0.4001
CSHT_1005,shellcode,0.0808
CSHT_1006,exploit,0.3593
CSHT_1007,analysis,0.2775
CSHT_1008,worm,0.6083
CSHT_1009,generic,0.3012
CSHT_1010,backdoor,0.6249
CSHT_1011,normal,0.3136
CSHT_1012,recon,0.3268
CSHT_1013,dos,0.4102
CSHT_1014,fuzzer,0.3496
CSHT_1015,shellcode,0.5261
CSHT_1016,exploit,0.5026
CSHT_1017,analysis,0.1861
CSHT_1018,worm,0.3797
CSHT_1019,generic,0.2214
CSHT_1020,backdoor,0.1512
CSHT_1021,normal,0.4162
CSHT_1022,recon,0.3096
CSHT_1023,dos,0.2255
CSHT_1024,fuzzer,0.3841
CSHT_1025,shellcode,0.1689
CSHT_1026,exploit,0.2554
CSHT_1027,analysis,0.2767
CSHT_1028,worm,0.2813
CSHT_1029,generic,0.4553
CSHT_1030,backdoor,0.1742
CSHT_1031,normal,0.4604
CSHT_1032,recon,0.4317
CSHT_1033,dos,0.4205
CSHT_1034,fuzzer,0.3678
CSHT_1035,shellcode,0.0802
CSHT_1036,exploit,0.239
CSHT_1037,analysis,0.2081
CSHT_1038,worm,0.7404
CSHT_1039,generic,0.3116
CSHT_1040,backdoor,0.3402
CSHT_1041,normal,0.1604
CSHT_1042,recon,0.2352
CSHT_1043,dos,0.274
CSHT_1044,fuzzer,0.4573
CSHT_1045,shellcode,0.4279
CSHT_1046,exploit,0.2987
CSHT_1047,analysis,0.3043
CSHT_1048,worm,0.3463
CSHT_1049,generic,0.5777
CSHT_1050,backdoor,0.3121
CSHT_1051,normal,0.5516
CSHT_1052,recon,0.551
CSHT_1053,dos,0.3352
CSHT_1054,fuzzer,0.4941
CSHT_1055,shellcode,0.5327
CSHT_1056,exploit,0.2234
CSHT_1057,analysis,0.3442
CSHT_1058,worm,0.5624
CSHT_1059,generic,0.3981
CSHT_1060,backdoor,0.5896
CSHT_1061,normal,0.1754
CSHT_1062,recon,0.513
CSHT_1063,dos,0.2101
CSHT_1064,fuzzer,0.4122
CSHT_1065,shellcode,0.6464
CSHT_1066,exploit,0.4067
CSHT_1067,analysis,0.3071
CSHT_1068,worm,0.5886
CSHT_1069,generic,0.2226
CSHT_1070,backdoor,0.6846
CSHT_1071,normal,0.3084
CSHT_1072,recon,0.3329
CSHT_1073,dos,0.4586
CSHT_1074,fuzzer,0.5535
CSHT_1075,shellcode,0.4473
CSHT_1076,exploit,0.2788
CSHT_1077,analysis,0.3391
CSHT_1078,worm,0.4818
CSHT_1079,generic,0.5188
CSHT_1080,backdoor,0.2565
CSHT_1081,normal,0.454
CSHT_1082,recon,0.4013
CSHT_1083,dos,0.5503
CSHT_1084,fuzzer,0.4134
CSHT_1085,shellcode,0.7562
CSHT_1086,exploit,0.366
CSHT_1087,analysis,0.4702
CSHT_1088,worm,0.4982
CSHT_1089,generic,0.4092
CSHT_1090,backdoor,0.1761
CSHT_1091,normal,0.7475
CSHT_1092,recon,0.3009
CSHT_1093,dos,0.2381
CSHT_1094,fuzzer,0.3571
CSHT_1095,shellcode,0.551
CSHT_1096,exploit,0.2608
CSHT_1097,analysis,0.4801
CSHT_1098,worm,0.7628
CSHT_1099,generic,0.3159
CSHT_1100,backdoor,0.1695
CSHT_1101,normal,0.4541
CSHT_1102,recon,0.5219
CSHT_1103,dos,0.3581
CSHT_1104,fuzzer,0.1722
CSHT_1105,shellcode,0.6437
CSHT_1106,exploit,0.2192
CSHT_1107,analysis,0.3147
CSHT_1108,worm,0.5682
CSHT_1109,generic,0.3038
CSHT_1110,backdoor,0.2997
CSHT_1111,normal,0.3461
CSHT_1112,recon,0.2737
CSHT_1113,dos,0.3316
CSHT_1114,fuzzer,0.2117
CSHT_1115,shellcode,0.3118
CSHT_1116,exploit,0.2979
CSHT_1117,analysis,0.3244
CSHT_1118,worm,0.8271
CSHT_1119,generic,0.299
CSHT_1120,backdoor,0.5037
CSHT_1121,normal,0.3384
CSHT_1122,recon,0.3984
CSHT_1123,dos,0.4381
CSHT_1124,fuzzer,0.3921
CSHT_1125,shellcode,0.3326
CSHT_1126,exploit,0.3124
CSHT_1127,analysis,0.2214
CSHT_1128,worm,0.763
CSHT_1129,generic,0.3535
CSHT_1130,backdoor,0.4391
CSHT_1131,normal,0.5873
CSHT_1132,recon,0.1788
CSHT_1133,dos,0.286
CSHT_1134,fuzzer,0.3616
CSHT_1135,shellcode,0.7846
CSHT_1136,exploit,0.4939
CSHT_1137,analysis,0.3841
CSHT_1138,worm,0.7679
CSHT_1139,generic,0.3126
CSHT_1140,backdoor,0.65
CSHT_1141,normal,0.2912
CSHT_1142,recon,0.1459
CSHT_1143,dos,0.2785
CSHT_1144,fuzzer,0.4743
CSHT_1145,shellcode,0.62
CSHT_1146,exploit,0.2379
CSHT_1147,analysis,0.3417
CSHT_1148,worm,0.4146
CSHT_1149,generic,0.4022
CSHT_1150,backdoor,0.2628
CSHT_1151,normal,0.3993
CSHT_1152,recon,0.3211
CSHT_1153,dos,0.2654
CSHT_1154,fuzzer,0.5572
CSHT_1155,shellcode,0.5577
CSHT_1156,exploit,0.4113
CSHT_1157,analysis,0.2735
CSHT_1158,worm,0.578
CSHT_1159,generic,0.3898
CSHT_1160,backdoor,0.2641
CSHT_1161,normal,0.5577
CSHT_1162,recon,0.5122
CSHT_1163,dos,0.218
CSHT_1164,fuzzer,0.3066
CSHT_1165,shellcode,0.7074
CSHT_1166,exploit,0.2454
CSHT_1167,analysis,0.317
CSHT_1168,worm,0.3147
CSHT_1169,generic,0.2148
CSHT_1170,backdoor,0.2063
CSHT_1171,normal,0.2386
CSHT_1172,recon,0.1857
CSHT_1173,dos,0.3266
CSHT_1174,fuzzer,0.2091
CSHT_1175,shellcode,0.7382
CSHT_1176,exploit,0.3837
CSHT_1177,analysis,0.288
CSHT_1178,worm,0.7921
CSHT_1179,generic,0.454
CSHT_1180,backdoor,0.1566
CSHT_1181,normal,0.4114
CSHT_1182,recon,0.3267
CSHT_1183,dos,0.3236
CSHT_1184,fuzzer,0.4624
CSHT_1185,shellcode,0.4308
CSHT_1186,exploit,0.3319
CSHT_1187,analysis,0.1653
CSHT_1188,worm,0.1767
CSHT_1189,generic,0.4186
CSHT_1190,backdoor,0.3435
CSHT_1191,normal,0.3308
CSHT_1192,recon,0.6565
CSHT_1193,dos,0.2231
CSHT_1194,fuzzer,0.201
CSHT_1195,shellcode,0.2438
CSHT_1196,exploit,0.3337
CSHT_1197,analysis,0.3082
CSHT_1198,worm,0.3077
CSHT_1199,generic,0.1607
CSHT_1200,backdoor,0.1688
CSHT_1201,normal,0.7296
CSHT_1202,recon,0.1948
CSHT_1203,dos,0.3088
CSHT_1204,fuzzer,0.2175
CSHT_1205,shellcode,0.3665
CSHT_1206,exploit,0.4013
CSHT_1207,analysis,0.3774
CSHT_1208,worm,0.5296
CSHT_1209,generic,0.4342
CSHT_1210,backdoor,0.121
CSHT_1211,normal,0.3676
CSHT_1212,recon,0.2809
CSHT_1213,dos,0.3602
CSHT_1214,fuzzer,0.6107
CSHT_1215,shellcode,0.6604
CSHT_1216,exploit,0.3086
CSHT_1217,analysis,0.2603
CSHT_1218,worm,0.1864
CSHT_1219,generic,0.1203
CSHT_1220,backdoor,0.5082
CSHT_1221,normal,0.7175
CSHT_1222,recon,0.3649
CSHT_1223,dos,0.3258
CSHT_1224,fuzzer,0.3961
CSHT_1225,shellcode,0.5913
CSHT_1226,exploit,0.2677
CSHT_1227,analysis,0.2024
CSHT_1228,worm,0.2505
CSHT_1229,generic,0.2762
CSHT_1230,backdoor,0.2532
CSHT_1231,normal,0.3965
CSHT_1232,recon,0.4674
CSHT_1233,dos,0.2341
CSHT_1234,fuzzer,0.3375
CSHT_1235,shellcode,0.522
CSHT_1236,exploit,0.198
CSHT_1237,analysis,0.1528
CSHT_1238,worm,0.3675
CSHT_1239,generic,0.3121
CSHT_1240,backdoor,0.7161
CSHT_1241,normal,0.5699
CSHT_1242,recon,0.1982
CSHT_1243,dos,0.2419
CSHT_1244,fuzzer,0.5171
CSHT_1245,shellcode,0.3436
CSHT_1246,exploit,0.2594
CSHT_1247,analysis,0.2491
CSHT_1248,worm,0.6108
CSHT_1249,generic,0.3837
CSHT_1250,backdoor,0.4613
CSHT_1251,normal,0.8224
CSHT_1252,recon,0.4662
CSHT_1253,dos,0.4788
CSHT_1254,fuzzer,0.5581
CSHT_1255,shellcode,0.3558
CSHT_1256,exploit,0.2456
CSHT_1257,analysis,0.1911
CSHT_1258,worm,0.2577
CSHT_1259,generic,0.2408
CSHT_1260,backdoor,0.5404
CSHT_1261,normal,0.4892
CSHT_1262,recon,0.2564
CSHT_1263,dos,0.2472
CSHT_1264,fuzzer,0.5082
CSHT_1265,shellcode,0.7427
CSHT_1266,exploit,0.1994
CSHT_1267,analysis,0.3227
CSHT_1268,worm,0.2711
CSHT_1269,generic,0.1822
CSHT_1270,backdoor,0.3909
CSHT_1271,normal,0.6653
CSHT_1272,recon,0.4501
CSHT_1273,dos,0.2569
CSHT_1274,fuzzer,0.4763
CSHT_1275,shellcode,0.0839
CSHT_1276,exploit,0.2435
CSHT_1277,analysis,0.4622
CSHT_1278,worm,0.5868
CSHT_1279,generic,0.1679
CSHT_1280,backdoor,0.611
CSHT_1281,normal,0.6914
CSHT_1282,recon,0.2788
CSHT_1283,dos,0.2514
CSHT_1284,fuzzer,0.4763
CSHT_1285,shellcode,0.3928
CSHT_1286,exploit,0.2413
CSHT_1287,analysis,0.3899
CSHT_1288,worm,0.3245
CSHT_1289,generic,0.4889
CSHT_1290,backdoor,0.508
CSHT_1291,normal,0.239
CSHT_1292,recon,0.4134
CSHT_1293,dos,0.2791
CSHT_1294,fuzzer,0.4648
CSHT_1295,shellcode,0.3281
CSHT_1296,exploit,0.2731
CSHT_1297,analysis,0.3413
CSHT_1298,worm,0.4969
CSHT_1299,generic,0.3505
CSHT_1300,backdoor,0.5105
CSHT_1301,normal,0.5602
CSHT_1302,recon,0.3098
CSHT_1303,dos,0.2058
CSHT_1304,fuzzer,0.2644
CSHT_1305,shellcode,0.4995
CSHT_1306,exploit,0.2196
CSHT_1307,analysis,0.1544
CSHT_1308,worm,0.4896
CSHT_1309,generic,0.2985
CSHT_1310,backdoor,0.1705
CSHT_1311,normal,0.3428
CSHT_1312,recon,0.3493
CSHT_1313,dos,0.4395
CSHT_1314,fuzzer,0.6318
CSHT_1315,shellcode,0.7094
CSHT_1316,exploit,0.186
CSHT_1317,analysis,0.3176
CSHT_1318,worm,0.6322
CSHT_1319,generic,0.2998
CSHT_1320,backdoor,0.3511
CSHT_1321,normal,0.3548
CSHT_1322,recon,0.3828
CSHT_1323,dos,0.208
CSHT_1324,fuzzer,0.2498
CSHT_1325,shellcode,0.3442
CSHT_1326,exploit,0.3253
CSHT_1327,analysis,0.1943
CSHT_1328,worm,0.1957
CSHT_1329,generic,0.4975
CSHT_1330,backdoor,0.6412
CSHT_1331,normal,0.3173
CSHT_1332,recon,0.333
CSHT_1333,dos,0.254
CSHT_1334,fuzzer,0.3177
CSHT_1335,shellcode,0.4236
CSHT_1336,exploit,0.5219
CSHT_1337,analysis,0.2396
CSHT_1338,worm,0.3521
CSHT_1339,generic,0.4198
CSHT_1340,backdoor,0.6938
CSHT_1341,normal,0.36
CSHT_1342,recon,0.4553
CSHT_1343,dos,0.3273
CSHT_1344,fuzzer,0.2166
CSHT_1345,shellcode,0.2268
CSHT_1346,exploit,0.3172
CSHT_1347,analysis,0.6592
CSHT_1348,worm,0.6048
CSHT_1349,generic,0.3225
CSHT_1350,backdoor,0.3498
CSHT_1351,normal,0.5313
CSHT_1352,recon,0.3372
CSHT_1353,dos,0.2648
CSHT_1354,fuzzer,0.3268
CSHT_1355,shellcode,0.3276
CSHT_1356,exploit,0.2403
CSHT_1357,analysis,0.3002
CSHT_1358,worm,0.326
CSHT_1359,generic,0.2731
CSHT_1360,backdoor,0.1545
CSHT_1361,normal,0.4075
CSHT_1362,recon,0.4578
CSHT_1363,dos,0.2291
CSHT_1364,fuzzer,0.3064
CSHT_1365,shellcode,0.6582
CSHT_1366,exploit,0.3601
CSHT_1367,analysis,0.1968
CSHT_1368,worm,0.3024
CSHT_1369,generic,0.328
CSHT_1370,backdoor,0.5282
CSHT_1371,normal,0.2728
CSHT_1372,recon,0.2981
CSHT_1373,dos,0.3524
CSHT_1374,fuzzer,0.1875
CSHT_1375,shellcode,0.456
CSHT_1376,exploit,0.2664
CSHT_1377,analysis,0.335
CSHT_1378,worm,0.5309
CSHT_1379,generic,0.322
CSHT_1380,backdoor,0.136
CSHT_1381,normal,0.6011
CSHT_1382,recon,0.4725
CSHT_1383,dos,0.2109
CSHT_1384,fuzzer,0.475
CSHT_1385,shellcode,0.5136
CSHT_1386,exploit,0.2922
CSHT_1387,analysis,0.2295
CSHT_1388,worm,0.5476
CSHT_1389,generic,0.409
CSHT_1390,backdoor,0.3094
CSHT_1391,normal,0.5496
CSHT_1392,recon,0.3259
CSHT_1393,dos,0.299
CSHT_1394,fuzzer,0.3376
CSHT_1395,shellcode,0.2451
CSHT_1396,exploit,0.3712
CSHT_1397,analysis,0.1935
CSHT_1398,worm,0.2967
CSHT_1399,generic,0.2381
CSHT_1400,backdoor,0.2879
CSHT_1401,normal,0.7139
CSHT_1402,recon,0.2316
CSHT_1403,dos,0.3385
CSHT_1404,fuzzer,0.4042
CSHT_1405,shellcode,0.497
CSHT_1406,exploit,0.2605
CSHT_1407,analysis,0.2525
CSHT_1408,worm,0.3055
CSHT_1409,generic,0.1768
CSHT_1410,backdoor,0.4897
CSHT_1411,normal,0.2256
CSHT_1412,recon,0.2965
CSHT_1413,dos,0.1371
CSHT_1414,fuzzer,0.4472
CSHT_1415,shellcode,0.636
CSHT_1416,exploit,0.2263
CSHT_1417,analysis,0.1831
CSHT_1418,worm,0.5695
CSHT_1419,generic,0.2393
CSHT_1420,backdoor,0.2876
CSHT_1421,normal,0.4503
CSHT_1422,recon,0.2923
CSHT_1423,dos,0.1633
CSHT_1424,fuzzer,0.1633
CSHT_1425,shellcode,0.21
CSHT_1426,exploit,0.4617
CSHT_1427,analysis,0.2788
CSHT_1428,worm,0.2039
CSHT_1429,generic,0.3975
CSHT_1430,backdoor,0.2254
CSHT_1431,normal,0.6564
CSHT_1432,recon,0.2679
CSHT_1433,dos,0.2445
CSHT_1434,fuzzer,0.517
CSHT_1435,shellcode,0.7776
CSHT_1436,exploit,0.2579
CSHT_1437,analysis,0.2375
CSHT_1438,worm,0.2349
CSHT_1439,generic,0.2174
CSHT_1440,backdoor,0.5095
CSHT_1441,normal,0.1696
CSHT_1442,recon,0.2246
CSHT_1443,dos,0.2048
CSHT_1444,fuzzer,0.4039
CSHT_1445,shellcode,0.855
CSHT_1446,exploit,0.3541
CSHT_1447,analysis,0.3175
CSHT_1448,worm,0.6654
CSHT_1449,generic,0.3636
CSHT_1450,backdoor,0.336
CSHT_1451,normal,0.6539
CSHT_1452,recon,0.3332
CSHT_1453,dos,0.186
CSHT_1454,fuzzer,0.5846
CSHT_1455,shellcode,0.6556
CSHT_1456,exploit,0.2131
CSHT_1457,analysis,0.3422
CSHT_1458,worm,0.3501
CSHT_1459,generic,0.4055
CSHT_1460,backdoor,0.7147
CSHT_1461,normal,0.6119
CSHT_1462,recon,0.445
CSHT_1463,dos,0.1817
CSHT_1464,fuzzer,0.4621
CSHT_1465,shellcode,0.3081
CSHT_1466,exploit,0.2831
CSHT_1467,analysis,0.5604
CSHT_1468,worm,0.3669
CSHT_1469,generic,0.2346
CSHT_1470,backdoor,0.7543
CSHT_1471,normal,0.688
CSHT_1472,recon,0.2949
CSHT_1473,dos,0.3703
CSHT_1474,fuzzer,0.4477
CSHT_1475,shellcode,0.2727
CSHT_1476,exploit,0.2191
CSHT_1477,analysis,0.1717
CSHT_1478,worm,0.3633
CSHT_1479,generic,0.3386
CSHT_1480,backdoor,0.5354
CSHT_1481,normal,0.613
CSHT_1482,recon,0.4656
CSHT_1483,dos,0.1904
CSHT_1484,fuzzer,0.4913
CSHT_1485,shellcode,0.669
CSHT_1486,exploit,0.1645
CSHT_1487,analysis,0.4356
CSHT_1488,worm,0.745
CSHT_1489,generic,0.2612
CSHT_1490,backdoor,0.5113
CSHT_1491,normal,0.4421
CSHT_1492,recon,0.3536
CSHT_1493,dos,0.439
CSHT_1494,fuzzer,0.3073
CSHT_1495,shellcode,0.8109
CSHT_1496,exploit,0.231
CSHT_1497,analysis,0.288
CSHT_1498,worm,0.6169
CSHT_1499,generic,0.1701
CSHT_1500,backdoor,0.168
CSHT_1501,normal,0.2405
CSHT_1502,recon,0.3571
CSHT_1503,dos,0.3025
CSHT_1504,fuzzer,0.2264
CSHT_1505,shellcode,0.4793
CSHT_1506,exploit,0.218
CSHT_1507,analysis,0.3768
CSHT_1508,worm,0.4332
CSHT_1509,generic,0.1899
CSHT_1510,backdoor,0.1678
CSHT_1511,normal,0.4498
CSHT_1512,recon,0.3972
CSHT_1513,dos,0.1508
CSHT_1514,fuzzer,0.4534
CSHT_1515,shellcode,0.8142
CSHT_1516,exploit,0.3487
CSHT_1517,analysis,0.3957
CSHT_1518,worm,0.5391
CSHT_1519,generic,0.2094
CSHT_1520,backdoor,0.5951
CSHT_1521,normal,0.79
CSHT_1522,recon,0.3964
CSHT_1523,dos,0.4266
CSHT_1524,fuzzer,0.1713
CSHT_1525,shellcode,0.5505
CSHT_1526,exploit,0.213
CSHT_1527,analysis,0.3164
CSHT_1528,worm,0.576
CSHT_1529,generic,0.4264
CSHT_1530,backdoor,0.2765
CSHT_1531,normal,0.5079
CSHT_1532,recon,0.4305
CSHT_1533,dos,0.254
CSHT_1534,fuzzer,0.4792
CSHT_1535,shellcode,0.1869
CSHT_1536,exploit,0.3109
CSHT_1537,analysis,0.3849
CSHT_1538,worm,0.5112
CSHT_1539,generic,0.3056
CSHT_1540,backdoor,0.4367
CSHT_1541,normal,0.593
CSHT_1542,recon,0.402
CSHT_1543,dos,0.1872
CSHT_1544,fuzzer,0.3926
CSHT_1545,shellcode,0.2077
CSHT_1546,exploit,0.4744
CSHT_1547,analysis,0.2182
CSHT_1548,worm,0.4775
CSHT_1549,generic,0.4556
CSHT_1550,backdoor,0.7128
CSHT_1551,normal,0.501
CSHT_1552,recon,0.3048
CSHT_1553,dos,0.2819
CSHT_1554,fuzzer,0.353
CSHT_1555,shellcode,0.6251
CSHT_1556,exploit,0.1891
CSHT_1557,analysis,0.4414
CSHT_1558,worm,0.3495
CSHT_1559,generic,0.4598
CSHT_1560,backdoor,0.5023
CSHT_1561,normal,0.5591
CSHT_1562,recon,0.4133
CSHT_1563,dos,0.2549
CSHT_1564,fuzzer,0.3334
CSHT_1565,shellcode,0.6352
CSHT_1566,exploit,0.3923
CSHT_1567,analysis,0.2766
CSHT_1568,worm,0.3115
CSHT_1569,generic,0.2889
CSHT_1570,backdoor,0.4104
CSHT_1571,normal,0.7054
CSHT_1572,recon,0.4203
CSHT_1573,dos,0.2558
CSHT_1574,fuzzer,0.443
CSHT_1575,shellcode,0.3117
CSHT_1576,exploit,0.2824
CSHT_1577,analysis,0.336
CSHT_1578,worm,0.6077
CSHT_1579,generic,0.3091
CSHT_1580,backdoor,0.2092
CSHT_1581,normal,0.4572
CSHT_1582,recon,0.3117
CSHT_1583,dos,0.4139
CSHT_1584,fuzzer,0.3298
CSHT_1585,shellcode,0.4632
CSHT_1586,exploit,0.2523
CSHT_1587,analysis,0.4421
CSHT_1588,worm,0.152
CSHT_1589,generic,0.2391
CSHT_1590,backdoor,0.2399
CSHT_1591,normal,0.5525
CSHT_1592,recon,0.558
CSHT_1593,dos,0.285
CSHT_1594,fuzzer,0.4291
CSHT_1595,shellcode,0.2994
CSHT_1596,exploit,0.4065
CSHT_1597,analysis,0.2616
CSHT_1598,worm,0.6761
CSHT_1599,generic,0.1547
CSHT_1600,backdoor,0.6102
CSHT_1601,normal,0.3784
CSHT_1602,recon,0.4682
CSHT_1603,dos,0.3862
CSHT_1604,fuzzer,0.2549
CSHT_1605,shellcode,0.3462
CSHT_1606,exploit,0.2704
CSHT_1607,analysis,0.3904
CSHT_1608,worm,0.2949
CSHT_1609,generic,0.2479
CSHT_1610,backdoor,0.6675
CSHT_1611,normal,0.3041
CSHT_1612,recon,0.3149
CSHT_1613,dos,0.3709
CSHT_1614,fuzzer,0.3849
CSHT_1615,shellcode,0.3196
CSHT_1616,exploit,0.2556
CSHT_1617,analysis,0.1881
CSHT_1618,worm,0.54
CSHT_1619,generic,0.3118
CSHT_1620,backdoor,0.1401
CSHT_1621,normal,0.4523
CSHT_1622,recon,0.4452
CSHT_1623,dos,0.2577
CSHT_1624,fuzzer,0.1751
CSHT_1625,shellcode,0.513
CSHT_1626,exploit,0.2806
CSHT_1627,analysis,0.2968
CSHT_1628,worm,0.4449
CSHT_1629,generic,0.3051
CSHT_1630,backdoor,0.2873
CSHT_1631,normal,0.243
CSHT_1632,recon,0.2865
CSHT_1633,dos,0.3447
CSHT_1634,fuzzer,0.2414
CSHT_1635,shellcode,0.3942
CSHT_1636,exploit,0.3386
CSHT_1637,analysis,0.2525
CSHT_1638,worm,0.3732
CSHT_1639,generic,0.3079
CSHT_1640,backdoor,0.3673
CSHT_1641,normal,0.3427
CSHT_1642,recon,0.2184
CSHT_1643,dos,0.2135
CSHT_1644,fuzzer,0.3183
CSHT_1645,shellcode,0.5067
CSHT_1646,exploit,0.1436
CSHT_1647,analysis,0.3834
CSHT_1648,worm,0.4932
CSHT_1649,generic,0.3644
CSHT_1650,backdoor,0.4048
CSHT_1651,normal,0.5614
CSHT_1652,recon,0.3134
CSHT_1653,dos,0.2902
CSHT_1654,fuzzer,0.5607
CSHT_1655,shellcode,0.5674
CSHT_1656,exploit,0.2975
CSHT_1657,analysis,0.3252
CSHT_1658,worm,0.4992
CSHT_1659,generic,0.3287
CSHT_1660,backdoor,0.2808
CSHT_1661,normal,0.3477
CSHT_1662,recon,0.4377
CSHT_1663,dos,0.4547
CSHT_1664,fuzzer,0.3011
CSHT_1665,shellcode,0.3581
CSHT_1666,exploit,0.2188
CSHT_1667,analysis,0.3755
CSHT_1668,worm,0.4552
CSHT_1669,generic,0.2699
CSHT_1670,backdoor,0.6697
CSHT_1671,normal,0.469
CSHT_1672,recon,0.2282
CSHT_1673,dos,0.241
CSHT_1674,fuzzer,0.3829
CSHT_1675,shellcode,0.4206
CSHT_1676,exploit,0.3756
CSHT_1677,analysis,0.3442
CSHT_1678,worm,0.2596
CSHT_1679,generic,0.2593
CSHT_1680,backdoor,0.2104
CSHT_1681,normal,0.4887
CSHT_1682,recon,0.4126
CSHT_1683,dos,0.3451
CSHT_1684,fuzzer,0.3346
CSHT_1685,shellcode,0.3708
CSHT_1686,exploit,0.2277
CSHT_1687,analysis,0.2907
CSHT_1688,worm,0.7511
CSHT_1689,generic,0.2794
CSHT_1690,backdoor,0.2248
CSHT_1691,normal,0.1689
CSHT_1692,recon,0.3896
CSHT_1693,dos,0.1686
CSHT_1694,fuzzer,0.3782
CSHT_1695,shellcode,0.3752
CSHT_1696,exploit,0.2984
CSHT_1697,analysis,0.3915
CSHT_1698,worm,0.1207
CSHT_1699,generic,0.1933
CSHT_1700,backdoor,0.1835
CSHT_1701,normal,0.7084
CSHT_1702,recon,0.2845
CSHT_1703,dos,0.4248
CSHT_1704,fuzzer,0.2522
CSHT_1705,shellcode,0.8234
CSHT_1706,exploit,0.2923
CSHT_1707,analysis,0.4448
CSHT_1708,worm,0.1341
CSHT_1709,generic,0.2381
CSHT_1710,backdoor,0.6958
CSHT_1711,normal,0.3097
CSHT_1712,recon,0.3338
CSHT_1713,dos,0.3467
CSHT_1714,fuzzer,0.426
CSHT_1715,shellcode,0.3864
CSHT_1716,exploit,0.2685
CSHT_1717,analysis,0.343
CSHT_1718,worm,0.4018
CSHT_1719,generic,0.266
CSHT_1720,backdoor,0.4394
CSHT_1721,normal,0.169
CSHT_1722,recon,0.2487
CSHT_1723,dos,0.4165
CSHT_1724,fuzzer,0.498
CSHT_1725,shellcode,0.3531
CSHT_1726,exploit,0.1342
CSHT_1727,analysis,0.2363
CSHT_1728,worm,0.4306
CSHT_1729,generic,0.3761
CSHT_1730,backdoor,0.3083
CSHT_1731,normal,0.7012
CSHT_1732,recon,0.1541
CSHT_1733,dos,0.29
CSHT_1734,fuzzer,0.1796
CSHT_1735,shellcode,0.4183
CSHT_1736,exploit,0.2278
CSHT_1737,analysis,0.3669
CSHT_1738,worm,0.5557
CSHT_1739,generic,0.2405
CSHT_1740,backdoor,0.6064
CSHT_1741,normal,0.5714
CSHT_1742,recon,0.3859
CSHT_1743,dos,0.2837
CSHT_1744,fuzzer,0.2556
CSHT_1745,shellcode,0.2911
CSHT_1746,exploit,0.2544
CSHT_1747,analysis,0.2257
CSHT_1748,worm,0.1127
CSHT_1749,generic,0.3503
CSHT_1750,backdoor,0.1351
CSHT_1751,normal,0.29
CSHT_1752,recon,0.3155
CSHT_1753,dos,0.4748
CSHT_1754,fuzzer,0.4277
CSHT_1755,shellcode,0.3456
CSHT_1756,exploit,0.378
CSHT_1757,analysis,0.3944
CSHT_1758,worm,0.546
CSHT_1759,generic,0.4415
CSHT_1760,backdoor,0.4248
CSHT_1761,normal,0.4912
CSHT_1762,recon,0.5275
CSHT_1763,dos,0.2683
CSHT_1764,fuzzer,0.4751
CSHT_1765,shellcode,0.6461
CSHT_1766,exploit,0.3553
CSHT_1767,analysis,0.2605
CSHT_1768,worm,0.5189
CSHT_1769,generic,0.1549
CSHT_1770,backdoor,0.6416
CSHT_1771,normal,0.3791
CSHT_1772,recon,0.3587
CSHT_1773,dos,0.3081
CSHT_1774,fuzzer,0.5004
CSHT_1775,shellcode,0.344
CSHT_1776,exploit,0.302
CSHT_1777,analysis,0.4107
CSHT_1778,worm,0.3933
CSHT_1779,generic,0.2315
CSHT_1780,backdoor,0.5908
CSHT_1781,normal,0.1519
CSHT_1782,recon,0.5419
CSHT_1783,dos,0.2328
CSHT_1784,fuzzer,0.3651
CSHT_1785,shellcode,0.2886
CSHT_1786,exploit,0.2531
CSHT_1787,analysis,0.2173
CSHT_1788,worm,0.6908
CSHT_1789,generic,0.316
CSHT_1790,backdoor,0.7887
CSHT_1791,normal,0.6654
CSHT_1792,recon,0.2808
CSHT_1793,dos,0.274
CSHT_1794,fuzzer,0.2989
CSHT_1795,shellcode,0.2936
CSHT_1796,exploit,0.2636
CSHT_1797,analysis,0.5077
CSHT_1798,worm,0.6674
CSHT_1799,generic,0.3764
CSHT_1800,backdoor,0.2611
CSHT_1801,normal,0.4451
CSHT_1802,recon,0.3301
CSHT_1803,dos,0.3202
CSHT_1804,fuzzer,0.4409
CSHT_1805,shellcode,0.6226
CSHT_1806,exploit,0.3607
CSHT_1807,analysis,0.3372
CSHT_1808,worm,0.6719
CSHT_1809,generic,0.2383
CSHT_1810,backdoor,0.4034
CSHT_1811,normal,0.3277
CSHT_1812,recon,0.5627
CSHT_1813,dos,0.4146
CSHT_1814,fuzzer,0.216
CSHT_1815,shellcode,0.1303
CSHT_1816,exploit,0.257
CSHT_1817,analysis,0.3463
CSHT_1818,worm,0.5276
CSHT_1819,generic,0.4263
CSHT_1820,backdoor,0.2733
CSHT_1821,normal,0.5156
CSHT_1822,recon,0.5336
CSHT_1823,dos,0.2424
CSHT_1824,fuzzer,0.513
CSHT_1825,shellcode,0.2005
CSHT_1826,exploit,0.2712
CSHT_1827,analysis,0.2677
CSHT_1828,worm,0.3363
CSHT_1829,generic,0.4158
CSHT_1830,backdoor,0.2151
CSHT_1831,normal,0.2542
CSHT_1832,recon,0.4033
CSHT_1833,dos,0.3032
CSHT_1834,fuzzer,0.398
CSHT_1835,shellcode,0.6828
CSHT_1836,exploit,0.3654
CSHT_1837,analysis,0.5423
CSHT_1838,worm,0.2887
CSHT_1839,generic,0.2429
CSHT_1840,backdoor,0.2952
CSHT_1841,normal,0.698
CSHT_1842,recon,0.335
CSHT_1843,dos,0.3463
CSHT_1844,fuzzer,0.4025
CSHT_1845,shellcode,0.242
CSHT_1846,exploit,0.1989
CSHT_1847,analysis,0.4104
CSHT_1848,worm,0.2895
CSHT_1849,generic,0.3012
CSHT_1850,backdoor,0.3166
CSHT_1851,normal,0.6048
CSHT_1852,recon,0.3018
CSHT_1853,dos,0.2637
CSHT_1854,fuzzer,0.3639
CSHT_1855,shellcode,0.3302
CSHT_1856,exploit,0.307
CSHT_1857,analysis,0.6367
CSHT_1858,worm,0.6595
CSHT_1859,generic,0.3572
CSHT_1860,backdoor,0.1784
CSHT_1861,normal,0.3438
CSHT_1862,recon,0.4359
CSHT_1863,dos,0.2558
CSHT_1864,fuzzer,0.4067
CSHT_1865,shellcode,0.6725
CSHT_1866,exploit,0.2671
CSHT_1867,analysis,0.4563
CSHT_1868,worm,0.5208
CSHT_1869,generic,0.3314
CSHT_1870,backdoor,0.5288
CSHT_1871,normal,0.4985
CSHT_1872,recon,0.3469
CSHT_1873,dos,0.3602
CSHT_1874,fuzzer,0.2868
CSHT_1875,shellcode,0.3168
CSHT_1876,exploit,0.2979
CSHT_1877,analysis,0.2917
CSHT_1878,worm,0.4221
CSHT_1879,generic,0.3466
CSHT_1880,backdoor,0.2422
CSHT_1881,normal,0.2991
CSHT_1882,recon,0.3113
CSHT_1883,dos,0.3276
CSHT_1884,fuzzer,0.2979
CSHT_1885,shellcode,0.5609
CSHT_1886,exploit,0.2934
CSHT_1887,analysis,0.4638
CSHT_1888,worm,0.3125
CSHT_1889,generic,0.2207
CSHT_1890,backdoor,0.2967
CSHT_1891,normal,0.3307
CSHT_1892,recon,0.2826
CSHT_1893,dos,0.3473
CSHT_1894,fuzzer,0.4282
CSHT_1895,shellcode,0.4771
CSHT_1896,exploit,0.534
CSHT_1897,analysis,0.3873
CSHT_1898,worm,0.5811
CSHT_1899,generic,0.304
CSHT_1900,backdoor,0.2682
CSHT_1901,normal,0.4186
CSHT_1902,recon,0.3892
CSHT_1903,dos,0.359
CSHT_1904,fuzzer,0.4336
CSHT_1905,shellcode,0.4757
CSHT_1906,exploit,0.2634
CSHT_1907,analysis,0.3338
CSHT_1908,worm,0.3191
CSHT_1909,generic,0.2933
CSHT_1910,backdoor,0.5527
CSHT_1911,normal,0.5913
CSHT_1912,recon,0.3411
CSHT_1913,dos,0.4432
CSHT_1914,fuzzer,0.4927
CSHT_1915,shellcode,0.542
CSHT_1916,exploit,0.2733
CSHT_1917,analysis,0.3531
CSHT_1918,worm,0.5657
CSHT_1919,generic,0.2784
CSHT_1920,backdoor,0.3956
CSHT_1921,normal,0.4419
CSHT_1922,recon,0.3839
CSHT_1923,dos,0.2067
CSHT_1924,fuzzer,0.5411
CSHT_1925,shellcode,0.2602
CSHT_1926,exploit,0.2566
CSHT_1927,analysis,0.4689
CSHT_1928,worm,0.7285
CSHT_1929,generic,0.1594
CSHT_1930,backdoor,0.0775
CSHT_1931,normal,0.6856
CSHT_1932,recon,0.2532
CSHT_1933,dos,0.3774
CSHT_1934,fuzzer,0.2816
CSHT_1935,shellcode,0.3174
CSHT_1936,exploit,0.1897
CSHT_1937,analysis,0.2288
CSHT_1938,worm,0.552
CSHT_1939,generic,0.3068
CSHT_1940,backdoor,0.355
CSHT_1941,normal,0.4174
CSHT_1942,recon,0.124
CSHT_1943,dos,0.5395
CSHT_1944,fuzzer,0.3205
CSHT_1945,shellcode,0.5722
CSHT_1946,exploit,0.3555
CSHT_1947,analysis,0.3586
CSHT_1948,worm,0.2468
CSHT_1949,generic,0.412
CSHT_1950,backdoor,0.1299
CSHT_1951,normal,0.5984
CSHT_1952,recon,0.4473
CSHT_1953,dos,0.3688
CSHT_1954,fuzzer,0.2515
CSHT_1955,shellcode,0.7786
CSHT_1956,exploit,0.4406
CSHT_1957,analysis,0.3011
CSHT_1958,worm,0.408
CSHT_1959,generic,0.3933
CSHT_1960,backdoor,0.3314
CSHT_1961,normal,0.2123
CSHT_1962,recon,0.2858
CSHT_1963,dos,0.3771
CSHT_1964,fuzzer,0.4253
CSHT_1965,shellcode,0.774
CSHT_1966,exploit,0.2543
CSHT_1967,analysis,0.3519
CSHT_1968,worm,0.1641
CSHT_1969,generic,0.3529
CSHT_1970,backdoor,0.5249
CSHT_1971,normal,0.7358
CSHT_1972,recon,0.4288
CSHT_1973,dos,0.2762
CSHT_1974,fuzzer,0.4645
CSHT_1975,shellcode,0.6825
CSHT_1976,exploit,0.4828
CSHT_1977,analysis,0.3172
CSHT_1978,worm,0.2134
CSHT_1979,generic,0.4318
CSHT_1980,backdoor,0.1673
CSHT_1981,normal,0.5813
CSHT_1982,recon,0.2674
CSHT_1983,dos,0.2343
CSHT_1984,fuzzer,0.326
CSHT_1985,shellcode,0.8547
CSHT_1986,exploit,0.4946
CSHT_1987,analysis,0.1895
CSHT_1988,worm,0.2239
CSHT_1989,generic,0.23
CSHT_1990,backdoor,0.2287
CSHT_1991,normal,0.3885
CSHT_1992,recon,0.3994
CSHT_1993,dos,0.1434
CSHT_1994,fuzzer,0.4671
CSHT_1995,shellcode,0.4383
CSHT_1996,exploit,0.2385
CSHT_1997,analysis,0.271
CSHT_1998,worm,0.2491
CSHT_1999,generic,0.211
CSHT_2000,backdoor,0.51
CSHT_2001,normal,0.6514
CSHT_2002,recon,0.3284
CSHT_2003,dos,0.4178
CSHT_2004,fuzzer,0.4781
CSHT_2005,shellcode,0.184
CSHT_2006,exploit,0.4352
CSHT_2007,analysis,0.1637
CSHT_2008,worm,0.3307
CSHT_2009,generic,0.3912
CSHT_2010,backdoor,0.6436
CSHT_2011,normal,0.4429
CSHT_2012,recon,0.4499
CSHT_2013,dos,0.4119
CSHT_2014,fuzzer,0.4193
CSHT_2015,shellcode,0.1503
CSHT_2016,exploit,0.3371
CSHT_2017,analysis,0.3448
CSHT_2018,worm,0.1747
CSHT_2019,generic,0.3337
CSHT_2020,backdoor,0.2912
CSHT_2021,normal,0.7049
CSHT_2022,recon,0.3799
CSHT_2023,dos,0.2336
CSHT_2024,fuzzer,0.4111
CSHT_2025,shellcode,0.1831
CSHT_2026,exploit,0.1764
CSHT_2027,analysis,0.2761
CSHT_2028,worm,0.221
CSHT_2029,generic,0.4129
CSHT_2030,backdoor,0.7527
CSHT_2031,normal,0.3584
CSHT_2032,recon,0.4668
CSHT_2033,dos,0.2831
CSHT_2034,fuzzer,0.4326
CSHT_2035,shellcode,0.4452
CSHT_2036,exploit,0.1423
CSHT_2037,analysis,0.3099
CSHT_2038,worm,0.2232
CSHT_2039,generic,0.2356
CSHT_2040,backdoor,0.5154
CSHT_2041,normal,0.5649
CSHT_2042,recon,0.2436
CSHT_2043,dos,0.4748
CSHT_2044,fuzzer,0.2681
CSHT_2045,shellcode,0.492
CSHT_2046,exploit,0.3188
CSHT_2047,analysis,0.5331
CSHT_2048,worm,0.4937
CSHT_2049,generic,0.4248
CSHT_2050,backdoor,0.4908
CSHT_2051,normal,0.2245
CSHT_2052,recon,0.5453
CSHT_2053,dos,0.3124
CSHT_2054,fuzzer,0.244
CSHT_2055,shellcode,0.3581
CSHT_2056,exploit,0.211
CSHT_2057,analysis,0.3751
CSHT_2058,worm,0.7457
CSHT_2059,generic,0.1329
CSHT_2060,backdoor,0.2844
CSHT_2061,normal,0.2962
CSHT_2062,recon,0.1588
CSHT_2063,dos,0.4999
CSHT_2064,fuzzer,0.1396
CSHT_2065,shellcode,0.432
CSHT_2066,exploit,0.2082
CSHT_2067,analysis,0.47
CSHT_2068,worm,0.2737
CSHT_2069,generic,0.4209
CSHT_2070,backdoor,0.2539
CSHT_2071,normal,0.1903
CSHT_2072,recon,0.4668
CSHT_2073,dos,0.2344
CSHT_2074,fuzzer,0.1072
CSHT_2075,shellcode,0.438
CSHT_2076,exploit,0.2948
CSHT_2077,analysis,0.2965
CSHT_2078,worm,0.8245
CSHT_2079,generic,0.2095
CSHT_2080,backdoor,0.4617
CSHT_2081,normal,0.7679
CSHT_2082,recon,0.631
CSHT_2083,dos,0.1972
CSHT_2084,fuzzer,0.4772
CSHT_2085,shellcode,0.6027
CSHT_2086,exploit,0.3008
CSHT_2087,analysis,0.4128
CSHT_2088,worm,0.5394
CSHT_2089,generic,0.3905
CSHT_2090,backdoor,0.4944
CSHT_2091,normal,0.4239
CSHT_2092,recon,0.289
CSHT_2093,dos,0.233
CSHT_2094,fuzzer,0.4136
CSHT_2095,shellcode,0.4524
CSHT_2096,exploit,0.347
CSHT_2097,analysis,0.3489
CSHT_2098,worm,0.5242
CSHT_2099,generic,0.2825
CSHT_2100,backdoor,0.5026
CSHT_2101,normal,0.5037
CSHT_2102,recon,0.5429
CSHT_2103,dos,0.2182
CSHT_2104,fuzzer,0.6334
CSHT_2105,shellcode,0.0603
CSHT_2106,exploit,0.2511
CSHT_2107,analysis,0.447
CSHT_2108,worm,0.2947
CSHT_2109,generic,0.3562
CSHT_2110,backdoor,0.2273
CSHT_2111,normal,0.7722
CSHT_2112,recon,0.2921
CSHT_2113,dos,0.2616
CSHT_2114,fuzzer,0.387
CSHT_2115,shellcode,0.5212
CSHT_2116,exploit,0.3219
CSHT_2117,analysis,0.2896
CSHT_2118,worm,0.2768
CSHT_2119,generic,0.4867
CSHT_2120,backdoor,0.3701
CSHT_2121,normal,0.4625
CSHT_2122,recon,0.2349
CSHT_2123,dos,0.243
CSHT_2124,fuzzer,0.3686
CSHT_2125,shellcode,0.2182
CSHT_2126,exploit,0.3938
CSHT_2127,analysis,0.1348
CSHT_2128,worm,0.6456
CSHT_2129,generic,0.3729
CSHT_2130,backdoor,0.6946
CSHT_2131,normal,0.6325
CSHT_2132,recon,0.3018
CSHT_2133,dos,0.2824
CSHT_2134,fuzzer,0.3754
CSHT_2135,shellcode,0.2792
CSHT_2136,exploit,0.2155
CSHT_2137,analysis,0.2941
CSHT_2138,worm,0.3424
CSHT_2139,generic,0.2923
CSHT_2140,backdoor,0.2903
CSHT_2141,normal,0.3791
CSHT_2142,recon,0.5669
CSHT_2143,dos,0.3704
CSHT_2144,fuzzer,0.3976
CSHT_2145,shellcode,0.3309
CSHT_2146,exploit,0.322
CSHT_2147,analysis,0.3489
CSHT_2148,worm,0.695
CSHT_2149,generic,0.3154
CSHT_2150,backdoor,0.337
CSHT_2151,normal,0.3954
CSHT_2152,recon,0.2243
CSHT_2153,dos,0.1461
CSHT_2154,fuzzer,0.6259
CSHT_2155,shellcode,0.432
CSHT_2156,exploit,0.2585
CSHT_2157,analysis,0.4945
CSHT_2158,worm,0.746
CSHT_2159,generic,0.1665
CSHT_2160,backdoor,0.4035
CSHT_2161,normal,0.0974
CSHT_2162,recon,0.4034
CSHT_2163,dos,0.3312
CSHT_2164,fuzzer,0.2711
CSHT_2165,shellcode,0.3967
CSHT_2166,exploit,0.3014
CSHT_2167,analysis,0.39
CSHT_2168,worm,0.4899
CSHT_2169,generic,0.4356
CSHT_2170,backdoor,0.2878
CSHT_2171,normal,0.709
CSHT_2172,recon,0.4021
CSHT_2173,dos,0.4781
CSHT_2174,fuzzer,0.3758
CSHT_2175,shellcode,0.7621
CSHT_2176,exploit,0.1863
CSHT_2177,analysis,0.1675
CSHT_2178,worm,0.345
CSHT_2179,generic,0.1954
CSHT_2180,backdoor,0.6675
CSHT_2181,normal,0.4385
CSHT_2182,recon,0.4124
CSHT_2183,dos,0.2148
CSHT_2184,fuzzer,0.2946
CSHT_2185,shellcode,0.3816
CSHT_2186,exploit,0.3082
CSHT_2187,analysis,0.3037
CSHT_2188,worm,0.4087
CSHT_2189,generic,0.2501
CSHT_2190,backdoor,0.6888
CSHT_2191,normal,0.7442
CSHT_2192,recon,0.2849
CSHT_2193,dos,0.4867
CSHT_2194,fuzzer,0.3524
CSHT_2195,shellcode,0.3596
CSHT_2196,exploit,0.4533
CSHT_2197,analysis,0.2117
CSHT_2198,worm,0.6154
CSHT_2199,generic,0.2604
CSHT_2200,backdoor,0.3358
CSHT_2201,normal,0.1877
CSHT_2202,recon,0.3632
CSHT_2203,dos,0.3034
CSHT_2204,fuzzer,0.177
CSHT_2205,shellcode,0.2791
CSHT_2206,exploit,0.3081
CSHT_2207,analysis,0.3203
CSHT_2208,worm,0.5874
CSHT_2209,generic,0.466
CSHT_2210,backdoor,0.5442
CSHT_2211,normal,0.4292
CSHT_2212,recon,0.3263
CSHT_2213,dos,0.4218
CSHT_2214,fuzzer,0.3979
CSHT_2215,shellcode,0.6423
CSHT_2216,exploit,0.3861
CSHT_2217,analysis,0.2922
CSHT_2218,worm,0.611
CSHT_2219,generic,0.3077
CSHT_2220,backdoor,0.1976
CSHT_2221,normal,0.325
CSHT_2222,recon,0.4482
CSHT_2223,dos,0.2628
CSHT_2224,fuzzer,0.2044
CSHT_2225,shellcode,0.4362
CSHT_2226,exploit,0.2853
CSHT_2227,analysis,0.3814
CSHT_2228,worm,0.2477
CSHT_2229,generic,0.63
CSHT_2230,backdoor,0.5062
CSHT_2231,normal,0.8132
CSHT_2232,recon,0.1775
CSHT_2233,dos,0.2429
CSHT_2234,fuzzer,0.2952
CSHT_2235,shellcode,0.1539
CSHT_2236,exploit,0.3608
CSHT_2237,analysis,0.4045
CSHT_2238,worm,0.3966
CSHT_2239,generic,0.3191
CSHT_2240,backdoor,0.5068
CSHT_2241,normal,0.8063
CSHT_2242,recon,0.3415
CSHT_2243,dos,0.2443
CSHT_2244,fuzzer,0.4283
CSHT_2245,shellcode,0.5112
CSHT_2246,exploit,0.347
CSHT_2247,analysis,0.185
CSHT_2248,worm,0.5666
CSHT_2249,generic,0.3892
CSHT_2250,backdoor,0.6249
CSHT_2251,normal,0.617
CSHT_2252,recon,0.396
CSHT_2253,dos,0.226
CSHT_2254,fuzzer,0.2814
CSHT_2255,shellcode,0.3779
CSHT_2256,exploit,0.2671
CSHT_2257,analysis,0.3034
CSHT_2258,worm,0.7052
CSHT_2259,generic,0.2506
CSHT_2260,backdoor,0.6116
CSHT_2261,normal,0.4069
CSHT_2262,recon,0.2331
CSHT_2263,dos,0.3217
CSHT_2264,fuzzer,0.6282
CSHT_2265,shellcode,0.5094
CSHT_2266,exploit,0.2318
CSHT_2267,analysis,0.3327
CSHT_2268,worm,0.2609
CSHT_2269,generic,0.1965
CSHT_2270,backdoor,0.6633
CSHT_2271,normal,0.7847
CSHT_2272,recon,0.4025
CSHT_2273,dos,0.2751
CSHT_2274,fuzzer,0.2176
CSHT_2275,shellcode,0.7012
CSHT_2276,exploit,0.2208
CSHT_2277,analysis,0.3976
CSHT_2278,worm,0.4003
CSHT_2279,generic,0.4546
CSHT_2280,backdoor,0.5411
CSHT_2281,normal,0.3657
CSHT_2282,recon,0.5593
CSHT_2283,dos,0.2359
CSHT_2284,fuzzer,0.4503
CSHT_2285,shellcode,0.7179
CSHT_2286,exploit,0.3596
CSHT_2287,analysis,0.3098
CSHT_2288,worm,0.2421
CSHT_2289,generic,0.2553
CSHT_2290,backdoor,0.5894
CSHT_2291,normal,0.7539
CSHT_2292,recon,0.2685
CSHT_2293,dos,0.2406
CSHT_2294,fuzzer,0.1933
CSHT_2295,shellcode,0.3751
CSHT_2296,exploit,0.209
CSHT_2297,analysis,0.2071
CSHT_2298,worm,0.4908
CSHT_2299,generic,0.177
CSHT_2300,backdoor,0.5157
CSHT_2301,normal,0.4852
CSHT_2302,recon,0.4023
CSHT_2303,dos,0.4375
CSHT_2304,fuzzer,0.4738
CSHT_2305,shellcode,0.6699
CSHT_2306,exploit,0.5819
CSHT_2307,analysis,0.5092
CSHT_2308,worm,0.2458
CSHT_2309,generic,0.2423
CSHT_2310,backdoor,0.1701
CSHT_2311,normal,0.6726
CSHT_2312,recon,0.2722
CSHT_2313,dos,0.326
CSHT_2314,fuzzer,0.3627
CSHT_2315,shellcode,0.7784
CSHT_2316,exploit,0.3654
CSHT_2317,analysis,0.1894
CSHT_2318,worm,0.4128
CSHT_2319,generic,0.2746
CSHT_2320,backdoor,0.1062
CSHT_2321,normal,0.7119
CSHT_2322,recon,0.1154
CSHT_2323,dos,0.1811
CSHT_2324,fuzzer,0.5071
CSHT_2325,shellcode,0.7747
CSHT_2326,exploit,0.2777
CSHT_2327,analysis,0.3313
CSHT_2328,worm,0.7179
CSHT_2329,generic,0.5359
CSHT_2330,backdoor,0.3504
CSHT_2331,normal,0.7545
CSHT_2332,recon,0.3693
CSHT_2333,dos,0.6243
CSHT_2334,fuzzer,0.2492
CSHT_2335,shellcode,0.6471
CSHT_2336,exploit,0.2094
CSHT_2337,analysis,0.5057
CSHT_2338,worm,0.2497
CSHT_2339,generic,0.2915
CSHT_2340,backdoor,0.7177
CSHT_2341,normal,0.2322
CSHT_2342,recon,0.5521
CSHT_2343,dos,0.4843
CSHT_2344,fuzzer,0.4098
CSHT_2345,shellcode,0.3333
CSHT_2346,exploit,0.2262
CSHT_2347,analysis,0.408
CSHT_2348,worm,0.3319
CSHT_2349,generic,0.3236
CSHT_2350,backdoor,0.6356
CSHT_2351,normal,0.7204
CSHT_2352,recon,0.3658
CSHT_2353,dos,0.245
CSHT_2354,fuzzer,0.5165
CSHT_2355,shellcode,0.3084
CSHT_2356,exploit,0.2546
CSHT_2357,analysis,0.3284
CSHT_2358,worm,0.5055
CSHT_2359,generic,0.4619
CSHT_2360,backdoor,0.2173
CSHT_2361,normal,0.3834
CSHT_2362,recon,0.1736
CSHT_2363,dos,0.2684
CSHT_2364,fuzzer,0.4554
CSHT_2365,shellcode,0.7252
CSHT_2366,exploit,0.3367
CSHT_2367,analysis,0.3894
CSHT_2368,worm,0.6844
CSHT_2369,generic,0.2079
CSHT_2370,backdoor,0.3104
CSHT_2371,normal,0.7982
CSHT_2372,recon,0.3173
CSHT_2373,dos,0.2518
CSHT_2374,fuzzer,0.3522
CSHT_2375,shellcode,0.4764
CSHT_2376,exploit,0.3893
CSHT_2377,analysis,0.2778
CSHT_2378,worm,0.3285
CSHT_2379,generic,0.2852
CSHT_2380,backdoor,0.7152
CSHT_2381,normal,0.3803
CSHT_2382,recon,0.3429
CSHT_2383,dos,0.2515
CSHT_2384,fuzzer,0.1356
CSHT_2385,shellcode,0.4576
CSHT_2386,exploit,0.336
CSHT_2387,analysis,0.5028
CSHT_2388,worm,0.524
CSHT_2389,generic,0.2049
CSHT_2390,backdoor,0.383
CSHT_2391,normal,0.5842
CSHT_2392,recon,0.262
CSHT_2393,dos,0.4363
CSHT_2394,fuzzer,0.4045
CSHT_2395,shellcode,0.4927
CSHT_2396,exploit,0.4602
CSHT_2397,analysis,0.4454
CSHT_2398,worm,0.611
CSHT_2399,generic,0.2939
CSHT_2400,backdoor,0.5842
CSHT_2401,normal,0.3658
CSHT_2402,recon,0.1473
CSHT_2403,dos,0.5967
CSHT_2404,fuzzer,0.2788
CSHT_2405,shellcode,0.7734
CSHT_2406,exploit,0.3167
CSHT_2407,analysis,0.2424
CSHT_2408,worm,0.2651
CSHT_2409,generic,0.3161
CSHT_2410,backdoor,0.3204
CSHT_2411,normal,0.4587
CSHT_2412,recon,0.4958
CSHT_2413,dos,0.1776
CSHT_2414,fuzzer,0.2846
CSHT_2415,shellcode,0.5357
CSHT_2416,exploit,0.3915
CSHT_2417,analysis,0.2841
CSHT_2418,worm,0.3622
CSHT_2419,generic,0.4169
CSHT_2420,backdoor,0.1238
CSHT_2421,normal,0.5873
CSHT_2422,recon,0.4017
CSHT_2423,dos,0.123
CSHT_2424,fuzzer,0.2797
CSHT_2425,shellcode,0.4937
CSHT_2426,exploit,0.3178
CSHT_2427,analysis,0.4204
CSHT_2428,worm,0.4164
CSHT_2429,generic,0.147
CSHT_2430,backdoor,0.4515
CSHT_2431,normal,0.7708
CSHT_2432,recon,0.2651
CSHT_2433,dos,0.3699
CSHT_2434,fuzzer,0.4595
CSHT_2435,shellcode,0.6703
CSHT_2436,exploit,0.4288
CSHT_2437,analysis,0.2823
CSHT_2438,worm,0.67
CSHT_2439,generic,0.3099
CSHT_2440,backdoor,0.59
CSHT_2441,normal,0.497
CSHT_2442,recon,0.3524
CSHT_2443,dos,0.3508
CSHT_2444,fuzzer,0.3138
CSHT_2445,shellcode,0.1338
CSHT_2446,exploit,0.4131
CSHT_2447,analysis,0.2665
CSHT_2448,worm,0.2962
CSHT_2449,generic,0.2579
CSHT_2450,backdoor,0.4518
CSHT_2451,normal,0.6617
CSHT_2452,recon,0.3882
CSHT_2453,dos,0.2601
CSHT_2454,fuzzer,0.2377
CSHT_2455,shellcode,0.8352
CSHT_2456,exploit,0.443
CSHT_2457,analysis,0.3572
CSHT_2458,worm,0.4151
CSHT_2459,generic,0.2951
CSHT_2460,backdoor,0.2703
CSHT_2461,normal,0.8075
CSHT_2462,recon,0.3678
CSHT_2463,dos,0.3041
CSHT_2464,fuzzer,0.4247
CSHT_2465,shellcode,0.3952
CSHT_2466,exploit,0.2277
CSHT_2467,analysis,0.2793
CSHT_2468,worm,0.7856
CSHT_2469,generic,0.2323
CSHT_2470,backdoor,0.1134
CSHT_2471,normal,0.1986
CSHT_2472,recon,0.2817
CSHT_2473,dos,0.3398
CSHT_2474,fuzzer,0.4462
CSHT_2475,shellcode,0.5882
CSHT_2476,exploit,0.3594
CSHT_2477,analysis,0.4359
CSHT_2478,worm,0.2675
CSHT_2479,generic,0.212
CSHT_2480,backdoor,0.2819
CSHT_2481,normal,0.4283
CSHT_2482,recon,0.3418
CSHT_2483,dos,0.2654
CSHT_2484,fuzzer,0.4207
CSHT_2485,shellcode,0.7564
CSHT_2486,exploit,0.3641
CSHT_2487,analysis,0.3617
CSHT_2488,worm,0.2886
CSHT_2489,generic,0.2381
CSHT_2490,backdoor,0.3469
CSHT_2491,normal,0.4238
CSHT_2492,recon,0.4582
CSHT_2493,dos,0.1977
CSHT_2494,fuzzer,0.3952
CSHT_2495,shellcode,0.322
CSHT_2496,exploit,0.461
CSHT_2497,analysis,0.369
CSHT_2498,worm,0.2377
CSHT_2499,generic,0.2365
CSHT_2500,backdoor,0.5412
CSHT_2501,normal,0.3837
CSHT_2502,recon,0.3261
CSHT_2503,dos,0.244
CSHT_2504,fuzzer,0.3596
CSHT_2505,shellcode,0.1314
CSHT_2506,exploit,0.2681
CSHT_2507,analysis,0.2768
CSHT_2508,worm,0.494
CSHT_2509,generic,0.2177
CSHT_2510,backdoor,0.6141
CSHT_2511,normal,0.2382
CSHT_2512,recon,0.2565
CSHT_2513,dos,0.4419
CSHT_2514,fuzzer,0.5145
CSHT_2515,shellcode,0.5776
CSHT_2516,exploit,0.2694
CSHT_2517,analysis,0.4736
CSHT_2518,worm,0.4827
CSHT_2519,generic,0.3115
CSHT_2520,backdoor,0.3002
CSHT_2521,normal,0.413
CSHT_2522,recon,0.3902
CSHT_2523,dos,0.3199
CSHT_2524,fuzzer,0.1962
CSHT_2525,shellcode,0.2731
CSHT_2526,exploit,0.1728
CSHT_2527,analysis,0.4627
CSHT_2528,worm,0.2751
CSHT_2529,generic,0.2042
CSHT_2530,backdoor,0.3651
CSHT_2531,normal,0.5079
CSHT_2532,recon,0.2564
CSHT_2533,dos,0.2246
CSHT_2534,fuzzer,0.4317
CSHT_2535,shellcode,0.6884
CSHT_2536,exploit,0.3751
CSHT_2537,analysis,0.3934
CSHT_2538,worm,0.3948
CSHT_2539,generic,0.4504
CSHT_2540,backdoor,0.2263
CSHT_2541,normal,0.2561
CSHT_2542,recon,0.2839
CSHT_2543,dos,0.5081
CSHT_2544,fuzzer,0.5252
CSHT_2545,shellcode,0.2643
CSHT_2546,exploit,0.2282
CSHT_2547,analysis,0.3694
CSHT_2548,worm,0.5216
CSHT_2549,generic,0.2159
CSHT_2550,backdoor,0.497
CSHT_2551,normal,0.2043
CSHT_2552,recon,0.2237
CSHT_2553,dos,0.2548
CSHT_2554,fuzzer,0.4453
CSHT_2555,shellcode,0.4363
CSHT_2556,exploit,0.2258
CSHT_2557,analysis,0.3068
CSHT_2558,worm,0.3425
CSHT_2559,generic,0.448
CSHT_2560,backdoor,0.1928
CSHT_2561,normal,0.5672
CSHT_2562,recon,0.6097
CSHT_2563,dos,0.2602
CSHT_2564,fuzzer,0.518
CSHT_2565,shellcode,0.7695
CSHT_2566,exploit,0.2703
CSHT_2567,analysis,0.3611
CSHT_2568,worm,0.3774
CSHT_2569,generic,0.3647
CSHT_2570,backdoor,0.6404
CSHT_2571,normal,0.5198
CSHT_2572,recon,0.5551
CSHT_2573,dos,0.3152
CSHT_2574,fuzzer,0.3945
CSHT_2575,shellcode,0.7199
CSHT_2576,exploit,0.1722
CSHT_2577,analysis,0.414
CSHT_2578,worm,0.6999
CSHT_2579,generic,0.3006
CSHT_2580,backdoor,0.671
CSHT_2581,normal,0.7673
CSHT_2582,recon,0.2302
CSHT_2583,dos,0.5674
CSHT_2584,fuzzer,0.4092
CSHT_2585,shellcode,0.3327
CSHT_2586,exploit,0.2983
CSHT_2587,analysis,0.3011
CSHT_2588,worm,0.433
CSHT_2589,generic,0.4245
CSHT_2590,backdoor,0.2462
CSHT_2591,normal,0.7546
CSHT_2592,recon,0.3201
CSHT_2593,dos,0.4505
CSHT_2594,fuzzer,0.3037
CSHT_2595,shellcode,0.6158
CSHT_2596,exploit,0.3322
CSHT_2597,analysis,0.3379
CSHT_2598,worm,0.5351
CSHT_2599,generic,0.2953
CSHT_2600,backdoor,0.2968
CSHT_2601,normal,0.6672
CSHT_2602,recon,0.4783
CSHT_2603,dos,0.3278
CSHT_2604,fuzzer,0.5173
CSHT_2605,shellcode,0.3462
CSHT_2606,exploit,0.2411
CSHT_2607,analysis,0.3441
CSHT_2608,worm,0.7979
CSHT_2609,generic,0.2068
CSHT_2610,backdoor,0.5883
CSHT_2611,normal,0.1184
CSHT_2612,recon,0.2779
CSHT_2613,dos,0.3919
CSHT_2614,fuzzer,0.3872
CSHT_2615,shellcode,0.2197
CSHT_2616,exploit,0.2561
CSHT_2617,analysis,0.4301
CSHT_2618,worm,0.3926
CSHT_2619,generic,0.5024
CSHT_2620,backdoor,0.3956
CSHT_2621,normal,0.6447
CSHT_2622,recon,0.4373
CSHT_2623,dos,0.3054
CSHT_2624,fuzzer,0.4061
CSHT_2625,shellcode,0.5126
CSHT_2626,exploit,0.3267
CSHT_2627,analysis,0.4005
CSHT_2628,worm,0.4385
CSHT_2629,generic,0.3034
CSHT_2630,backdoor,0.3599
CSHT_2631,normal,0.3478
CSHT_2632,recon,0.2626
CSHT_2633,dos,0.4874
CSHT_2634,fuzzer,0.4875
CSHT_2635,shellcode,0.7743
CSHT_2636,exploit,0.1824
CSHT_2637,analysis,0.3972
CSHT_2638,worm,0.2742
CSHT_2639,generic,0.4268
CSHT_2640,backdoor,0.4042
CSHT_2641,normal,0.6898
CSHT_2642,recon,0.3101
CSHT_2643,dos,0.1745
CSHT_2644,fuzzer,0.3171
CSHT_2645,shellcode,0.5477
CSHT_2646,exploit,0.3271
CSHT_2647,analysis,0.3897
CSHT_2648,worm,0.633
CSHT_2649,generic,0.1796
CSHT_2650,backdoor,0.2084
CSHT_2651,normal,0.7537
CSHT_2652,recon,0.3728
CSHT_2653,dos,0.4574
CSHT_2654,fuzzer,0.3557
CSHT_2655,shellcode,0.2902
CSHT_2656,exploit,0.1585
CSHT_2657,analysis,0.2453
CSHT_2658,worm,0.4691
CSHT_2659,generic,0.2559
CSHT_2660,backdoor,0.5606
CSHT_2661,normal,0.2373
CSHT_2662,recon,0.2674
CSHT_2663,dos,0.6524
CSHT_2664,fuzzer,0.4223
CSHT_2665,shellcode,0.4417
CSHT_2666,exploit,0.4501
CSHT_2667,analysis,0.4222
CSHT_2668,worm,0.4603
CSHT_2669,generic,0.3207
CSHT_2670,backdoor,0.5147
CSHT_2671,normal,0.6928
CSHT_2672,recon,0.3545
CSHT_2673,dos,0.3403
CSHT_2674,fuzzer,0.3227
CSHT_2675,shellcode,0.295
CSHT_2676,exploit,0.2115
CSHT_2677,analysis,0.3884
CSHT_2678,worm,0.2388
CSHT_2679,generic,0.2575
CSHT_2680,backdoor,0.1249
CSHT_2681,normal,0.3852
CSHT_2682,recon,0.2774
CSHT_2683,dos,0.2283
CSHT_2684,fuzzer,0.4903
CSHT_2685,shellcode,0.5429
CSHT_2686,exploit,0.391
CSHT_2687,analysis,0.2064
CSHT_2688,worm,0.2988
CSHT_2689,generic,0.3019
CSHT_2690,backdoor,0.3657
CSHT_2691,normal,0.7741
CSHT_2692,recon,0.3492
CSHT_2693,dos,0.2244
CSHT_2694,fuzzer,0.4624
CSHT_2695,shellcode,0.689
CSHT_2696,exploit,0.2547
CSHT_2697,analysis,0.4334
CSHT_2698,worm,0.405
CSHT_2699,generic,0.4006
CSHT_2700,backdoor,0.3943
CSHT_2701,normal,0.3857
CSHT_2702,recon,0.2156
CSHT_2703,dos,0.1635
CSHT_2704,fuzzer,0.4702
CSHT_2705,shellcode,0.5611
CSHT_2706,exploit,0.471
CSHT_2707,analysis,0.342
CSHT_2708,worm,0.5174
CSHT_2709,generic,0.3558
CSHT_2710,backdoor,0.5244
CSHT_2711,normal,0.7021
CSHT_2712,recon,0.2302
CSHT_2713,dos,0.3574
CSHT_2714,fuzzer,0.4502
CSHT_2715,shellcode,0.456
CSHT_2716,exploit,0.2099
CSHT_2717,analysis,0.4298
CSHT_2718,worm,0.8085
CSHT_2719,generic,0.1999
CSHT_2720,backdoor,0.6039
CSHT_2721,normal,0.4029
CSHT_2722,recon,0.1182
CSHT_2723,dos,0.2533
CSHT_2724,fuzzer,0.3742
CSHT_2725,shellcode,0.1693
CSHT_2726,exploit,0.34
CSHT_2727,analysis,0.5575
CSHT_2728,worm,0.2659
CSHT_2729,generic,0.2493
CSHT_2730,backdoor,0.7029
CSHT_2731,normal,0.7262
CSHT_2732,recon,0.2998
CSHT_2733,dos,0.5189
CSHT_2734,fuzzer,0.3723
CSHT_2735,shellcode,0.6561
CSHT_2736,exploit,0.4789
CSHT_2737,analysis,0.4071
CSHT_2738,worm,0.4758
CSHT_2739,generic,0.3562
CSHT_2740,backdoor,0.4534
CSHT_2741,normal,0.2291
CSHT_2742,recon,0.2197
CSHT_2743,dos,0.488
CSHT_2744,fuzzer,0.3764
CSHT_2745,shellcode,0.6881
CSHT_2746,exploit,0.2822
CSHT_2747,analysis,0.3302
CSHT_2748,worm,0.3289
CSHT_2749,generic,0.3788
CSHT_2750,backdoor,0.7075
CSHT_2751,normal,0.4077
CSHT_2752,recon,0.2962
CSHT_2753,dos,0.3716
CSHT_2754,fuzzer,0.1932
CSHT_2755,shellcode,0.5391
CSHT_2756,exploit,0.4507
CSHT_2757,analysis,0.2034
CSHT_2758,worm,0.2576
CSHT_2759,generic,0.1446
CSHT_2760,backdoor,0.4117
CSHT_2761,normal,0.6471
CSHT_2762,recon,0.2323
CSHT_2763,dos,0.2839
CSHT_2764,fuzzer,0.4973
CSHT_2765,shellcode,0.8596
CSHT_2766,exploit,0.3143
CSHT_2767,analysis,0.318
CSHT_2768,worm,0.4137
CSHT_2769,generic,0.2577
CSHT_2770,backdoor,0.1731
CSHT_2771,normal,0.3762
CSHT_2772,recon,0.3029
CSHT_2773,dos,0.3115
CSHT_2774,fuzzer,0.3597
CSHT_2775,shellcode,0.1592
CSHT_2776,exploit,0.1681
CSHT_2777,analysis,0.2019
CSHT_2778,worm,0.6113
CSHT_2779,generic,0.1801
CSHT_2780,backdoor,0.4652
CSHT_2781,normal,0.2625
CSHT_2782,recon,0.246
CSHT_2783,dos,0.1922
CSHT_2784,fuzzer,0.3638
CSHT_2785,shellcode,0.5546
CSHT_2786,exploit,0.3867
CSHT_2787,analysis,0.4826
CSHT_2788,worm,0.5533
CSHT_2789,generic,0.1881
CSHT_2790,backdoor,0.6097
CSHT_2791,normal,0.3119
CSHT_2792,recon,0.4307
CSHT_2793,dos,0.299
CSHT_2794,fuzzer,0.2855
CSHT_2795,shellcode,0.1179
CSHT_2796,exploit,0.3814
CSHT_2797,analysis,0.3062
CSHT_2798,worm,0.3272
CSHT_2799,generic,0.2609
CSHT_2800,backdoor,0.3984
CSHT_2801,normal,0.696
CSHT_2802,recon,0.259
CSHT_2803,dos,0.4551
CSHT_2804,fuzzer,0.3343
CSHT_2805,shellcode,0.544
CSHT_2806,exploit,0.5336
CSHT_2807,analysis,0.4278
CSHT_2808,worm,0.3637
CSHT_2809,generic,0.3576
CSHT_2810,backdoor,0.447
CSHT_2811,normal,0.2322
CSHT_2812,recon,0.3429
CSHT_2813,dos,0.2209
CSHT_2814,fuzzer,0.4528
CSHT_2815,shellcode,0.4865
CSHT_2816,exploit,0.22
CSHT_2817,analysis,0.2248
CSHT_2818,worm,0.2482
CSHT_2819,generic,0.1929
CSHT_2820,backdoor,0.5696
CSHT_2821,normal,0.5585
CSHT_2822,recon,0.5099
CSHT_2823,dos,0.2337
CSHT_2824,fuzzer,0.211
CSHT_2825,shellcode,0.4502
CSHT_2826,exploit,0.2286
CSHT_2827,analysis,0.2677
CSHT_2828,worm,0.4445
CSHT_2829,generic,0.4754
CSHT_2830,backdoor,0.5066
CSHT_2831,normal,0.3515
CSHT_2832,recon,0.419
CSHT_2833,dos,0.5052
CSHT_2834,fuzzer,0.438
CSHT_2835,shellcode,0.2005
CSHT_2836,exploit,0.5053
CSHT_2837,analysis,0.4254
CSHT_2838,worm,0.3989
CSHT_2839,generic,0.3598
CSHT_2840,backdoor,0.2011
CSHT_2841,normal,0.3351
CSHT_2842,recon,0.3217
CSHT_2843,dos,0.2575
CSHT_2844,fuzzer,0.4681
CSHT_2845,shellcode,0.3648
CSHT_2846,exploit,0.3592
CSHT_2847,analysis,0.3708
CSHT_2848,worm,0.2466
CSHT_2849,generic,0.107
CSHT_2850,backdoor,0.3346
CSHT_2851,normal,0.6863
CSHT_2852,recon,0.2483
CSHT_2853,dos,0.3897
CSHT_2854,fuzzer,0.1991
CSHT_2855,shellcode,0.4989
CSHT_2856,exploit,0.1816
CSHT_2857,analysis,0.4805
CSHT_2858,worm,0.5727
CSHT_2859,generic,0.3327
CSHT_2860,backdoor,0.1927
CSHT_2861,normal,0.4966
CSHT_2862,recon,0.4674
CSHT_2863,dos,0.492
CSHT_2864,fuzzer,0.3118
CSHT_2865,shellcode,0.7546
CSHT_2866,exploit,0.3136
CSHT_2867,analysis,0.3451
CSHT_2868,worm,0.4011
CSHT_2869,generic,0.146
CSHT_2870,backdoor,0.2995
CSHT_2871,normal,0.8162
CSHT_2872,recon,0.2688
CSHT_2873,dos,0.3606
CSHT_2874,fuzzer,0.1986
CSHT_2875,shellcode,0.6586
CSHT_2876,exploit,0.2338
CSHT_2877,analysis,0.3477
CSHT_2878,worm,0.2417
CSHT_2879,generic,0.1814
CSHT_2880,backdoor,0.3495
CSHT_2881,normal,0.5262
CSHT_2882,recon,0.3282
CSHT_2883,dos,0.2036
CSHT_2884,fuzzer,0.3419
CSHT_2885,shellcode,0.171
CSHT_2886,exploit,0.2504
CSHT_2887,analysis,0.1949
CSHT_2888,worm,0.3997
CSHT_2889,generic,0.4644
CSHT_2890,backdoor,0.3102
CSHT_2891,normal,0.5697
CSHT_2892,recon,0.2939
CSHT_2893,dos,0.2194
CSHT_2894,fuzzer,0.4488
CSHT_2895,shellcode,0.5108
CSHT_2896,exploit,0.3754
CSHT_2897,analysis,0.4077
CSHT_2898,worm,0.3412
CSHT_2899,generic,0.3753
CSHT_2900,backdoor,0.4389
CSHT_2901,normal,0.3545
CSHT_2902,recon,0.1919
CSHT_2903,dos,0.3077
CSHT_2904,fuzzer,0.5364
CSHT_2905,shellcode,0.5475
CSHT_2906,exploit,0.175
CSHT_2907,analysis,0.3865
CSHT_2908,worm,0.498
CSHT_2909,generic,0.4527
CSHT_2910,backdoor,0.1173
CSHT_2911,normal,0.413
CSHT_2912,recon,0.1625
CSHT_2913,dos,0.3185
CSHT_2914,fuzzer,0.4515
CSHT_2915,shellcode,0.3139
CSHT_2916,exploit,0.3174
CSHT_2917,analysis,0.1315
CSHT_2918,worm,0.4942
CSHT_2919,generic,0.4731
CSHT_2920,backdoor,0.5079
CSHT_2921,normal,0.5417
CSHT_2922,recon,0.3399
CSHT_2923,dos,0.522
CSHT_2924,fuzzer,0.2162
CSHT_2925,shellcode,0.7233
CSHT_2926,exploit,0.2321
CSHT_2927,analysis,0.3328
CSHT_2928,worm,0.3648
CSHT_2929,generic,0.2839
CSHT_2930,backdoor,0.63
CSHT_2931,normal,0.5747
CSHT_2932,recon,0.2542
CSHT_2933,dos,0.2184
CSHT_2934,fuzzer,0.3097
CSHT_2935,shellcode,0.5467
CSHT_2936,exploit,0.3228
CSHT_2937,analysis,0.2448
CSHT_2938,worm,0.5017
CSHT_2939,generic,0.2955
CSHT_2940,backdoor,0.4618
CSHT_2941,normal,0.2484
CSHT_2942,recon,0.379
CSHT_2943,dos,0.4231
CSHT_2944,fuzzer,0.5543
CSHT_2945,shellcode,0.2218
CSHT_2946,exploit,0.2387
CSHT_2947,analysis,0.2406
CSHT_2948,worm,0.4817
CSHT_2949,generic,0.2105
CSHT_2950,backdoor,0.6454
CSHT_2951,normal,0.3187
CSHT_2952,recon,0.4395
CSHT_2953,dos,0.313
CSHT_2954,fuzzer,0.1264
CSHT_2955,shellcode,0.3053
CSHT_2956,exploit,0.4456
CSHT_2957,analysis,0.313
CSHT_2958,worm,0.4665
CSHT_2959,generic,0.4332
CSHT_2960,backdoor,0.3206
CSHT_2961,normal,0.6479
CSHT_2962,recon,0.559
CSHT_2963,dos,0.3024
CSHT_2964,fuzzer,0.4176
CSHT_2965,shellcode,0.3454
CSHT_2966,exploit,0.2261
CSHT_2967,analysis,0.3406
CSHT_2968,worm,0.681
CSHT_2969,generic,0.3356
CSHT_2970,backdoor,0.4409
CSHT_2971,normal,0.5716
CSHT_2972,recon,0.3421
CSHT_2973,dos,0.211
CSHT_2974,fuzzer,0.4606
CSHT_2975,shellcode,0.2341
CSHT_2976,exploit,0.1756
CSHT_2977,analysis,0.2061
CSHT_2978,worm,0.507
CSHT_2979,generic,0.2587
CSHT_2980,backdoor,0.4064
CSHT_2981,normal,0.2853
CSHT_2982,recon,0.3348
CSHT_2983,dos,0.426
CSHT_2984,fuzzer,0.4214
CSHT_2985,shellcode,0.2953
CSHT_2986,exploit,0.1776
CSHT_2987,analysis,0.3915
CSHT_2988,worm,0.3865
CSHT_2989,generic,0.3678
CSHT_2990,backdoor,0.3067
CSHT_2991,normal,0.4522
CSHT_2992,recon,0.4668
CSHT_2993,dos,0.4777
CSHT_2994,fuzzer,0.377
CSHT_2995,shellcode,0.3603
CSHT_2996,exploit,0.1968
CSHT_2997,analysis,0.3939
CSHT_2998,worm,0.3425
CSHT_2999,generic,0.2539
CSHT_3000,backdoor,0.1747
CSHT_3001,normal,0.2465
CSHT_3002,recon,0.2027
CSHT_3003,dos,0.3691
CSHT_3004,fuzzer,0.2056
CSHT_3005,shellcode,0.4941
CSHT_3006,exploit,0.2821
CSHT_3007,analysis,0.4093
CSHT_3008,worm,0.5639
CSHT_3009,generic,0.4795
CSHT_3010,backdoor,0.6635
CSHT_3011,normal,0.5795
CSHT_3012,recon,0.3547
CSHT_3013,dos,0.4302
CSHT_3014,fuzzer,0.1657
CSHT_3015,shellcode,0.291
CSHT_3016,exploit,0.3221
CSHT_3017,analysis,0.2545
CSHT_3018,worm,0.7657
CSHT_3019,generic,0.2083
CSHT_3020,backdoor,0.6343
CSHT_3021,normal,0.6635
CSHT_3022,recon,0.3159
CSHT_3023,dos,0.2916
CSHT_3024,fuzzer,0.3683
CSHT_3025,shellcode,0.2478
CSHT_3026,exploit,0.3492
CSHT_3027,analysis,0.328
CSHT_3028,worm,0.4535
CSHT_3029,generic,0.4985
CSHT_3030,backdoor,0.2064
CSHT_3031,normal,0.6571
CSHT_3032,recon,0.3313
CSHT_3033,dos,0.3929
CSHT_3034,fuzzer,0.4104
CSHT_3035,shellcode,0.6723
CSHT_3036,exploit,0.2487
CSHT_3037,analysis,0.3776
CSHT_3038,worm,0.5522
CSHT_3039,generic,0.2745
CSHT_3040,backdoor,0.5279
CSHT_3041,normal,0.7318
CSHT_3042,recon,0.4716
CSHT_3043,dos,0.3987
CSHT_3044,fuzzer,0.388
CSHT_3045,shellcode,0.3128
CSHT_3046,exploit,0.3077
CSHT_3047,analysis,0.3196
CSHT_3048,worm,0.4998
CSHT_3049,generic,0.2706
CSHT_3050,backdoor,0.3416
CSHT_3051,normal,0.3072
CSHT_3052,recon,0.2516
CSHT_3053,dos,0.2962
CSHT_3054,fuzzer,0.5876
CSHT_3055,shellcode,0.4597
CSHT_3056,exploit,0.2266
CSHT_3057,analysis,0.3842
CSHT_3058,worm,0.4652
CSHT_3059,generic,0.3524
CSHT_3060,backdoor,0.5489
CSHT_3061,normal,0.3794
CSHT_3062,recon,0.4065
CSHT_3063,dos,0.5235
CSHT_3064,fuzzer,0.3674
CSHT_3065,shellcode,0.5401
CSHT_3066,exploit,0.4389
CSHT_3067,analysis,0.3899
CSHT_3068,worm,0.3769
CSHT_3069,generic,0.1548
CSHT_3070,backdoor,0.5189
CSHT_3071,normal,0.2996
CSHT_3072,recon,0.4121
CSHT_3073,dos,0.4061
CSHT_3074,fuzzer,0.5145
CSHT_3075,shellcode,0.4704
CSHT_3076,exploit,0.378
CSHT_3077,analysis,0.3012
CSHT_3078,worm,0.6262
CSHT_3079,generic,0.2894
CSHT_3080,backdoor,0.2305
CSHT_3081,normal,0.2411
CSHT_3082,recon,0.1365
CSHT_3083,dos,0.4174
CSHT_3084,fuzzer,0.4467
CSHT_3085,shellcode,0.7292
CSHT_3086,exploit,0.2832
CSHT_3087,analysis,0.2722
CSHT_3088,worm,0.6925
CSHT_3089,generic,0.2481
CSHT_3090,backdoor,0.4259
CSHT_3091,normal,0.224
CSHT_3092,recon,0.5144
CSHT_3093,dos,0.2055
CSHT_3094,fuzzer,0.4249
CSHT_3095,shellcode,0.1805
CSHT_3096,exploit,0.1875
CSHT_3097,analysis,0.3161
CSHT_3098,worm,0.5556
CSHT_3099,generic,0.1975
CSHT_3100,backdoor,0.5519
CSHT_3101,normal,0.2652
CSHT_3102,recon,0.3014
CSHT_3103,dos,0.4303
CSHT_3104,fuzzer,0.4301
CSHT_3105,shellcode,0.6112
CSHT_3106,exploit,0.2213
CSHT_3107,analysis,0.3652
CSHT_3108,worm,0.2267
CSHT_3109,generic,0.2866
CSHT_3110,backdoor,0.6643
CSHT_3111,normal,0.1453
CSHT_3112,recon,0.4561
CSHT_3113,dos,0.1868
CSHT_3114,fuzzer,0.4619
CSHT_3115,shellcode,0.4974
CSHT_3116,exploit,0.2464
CSHT_3117,analysis,0.3298
CSHT_3118,worm,0.2217
CSHT_3119,generic,0.2525
CSHT_3120,backdoor,0.3301
CSHT_3121,normal,0.319
CSHT_3122,recon,0.3149
CSHT_3123,dos,0.2718
CSHT_3124,fuzzer,0.3523
CSHT_3125,shellcode,0.1007
CSHT_3126,exploit,0.4711
CSHT_3127,analysis,0.3192
CSHT_3128,worm,0.4201
CSHT_3129,generic,0.3072
CSHT_3130,backdoor,0.3888
CSHT_3131,normal,0.7006
CSHT_3132,recon,0.4453
CSHT_3133,dos,0.2987
CSHT_3134,fuzzer,0.2059
CSHT_3135,shellcode,0.673
CSHT_3136,exploit,0.54
CSHT_3137,analysis,0.3646
CSHT_3138,worm,0.6835
CSHT_3139,generic,0.3399
CSHT_3140,backdoor,0.4723
CSHT_3141,normal,0.4524
CSHT_3142,recon,0.4947
CSHT_3143,dos,0.2875
CSHT_3144,fuzzer,0.4207
CSHT_3145,shellcode,0.2156
CSHT_3146,exploit,0.4615
CSHT_3147,analysis,0.405
CSHT_3148,worm,0.6631
CSHT_3149,generic,0.1641
CSHT_3150,backdoor,0.2678
CSHT_3151,normal,0.7566
CSHT_3152,recon,0.3557
CSHT_3153,dos,0.3699
CSHT_3154,fuzzer,0.3502
CSHT_3155,shellcode,0.4853
CSHT_3156,exploit,0.4694
CSHT_3157,analysis,0.4063
CSHT_3158,worm,0.6443
CSHT_3159,generic,0.2826
CSHT_3160,backdoor,0.4874
CSHT_3161,normal,0.5644
CSHT_3162,recon,0.2086
CSHT_3163,dos,0.3224
CSHT_3164,fuzzer,0.232
CSHT_3165,shellcode,0.8155
CSHT_3166,exploit,0.3276
CSHT_3167,analysis,0.3819
CSHT_3168,worm,0.3226
CSHT_3169,generic,0.24
CSHT_3170,backdoor,0.6497
CSHT_3171,normal,0.7758
CSHT_3172,recon,0.4888
CSHT_3173,dos,0.4096
CSHT_3174,fuzzer,0.2358
CSHT_3175,shellcode,0.3894
CSHT_3176,exploit,0.3262
CSHT_3177,analysis,0.3343
CSHT_3178,worm,0.3492
CSHT_3179,generic,0.3949
CSHT_3180,backdoor,0.2374
CSHT_3181,normal,0.6493
CSHT_3182,recon,0.5057
CSHT_3183,dos,0.2062
CSHT_3184,fuzzer,0.4754
CSHT_3185,shellcode,0.2854
CSHT_3186,exploit,0.3474
CSHT_3187,analysis,0.4349
CSHT_3188,worm,0.2018
CSHT_3189,generic,0.2586
CSHT_3190,backdoor,0.2362
CSHT_3191,normal,0.6537
CSHT_3192,recon,0.4019
CSHT_3193,dos,0.257
CSHT_3194,fuzzer,0.3258
CSHT_3195,shellcode,0.4675
CSHT_3196,exploit,0.2823
CSHT_3197,analysis,0.2153
CSHT_3198,worm,0.4631
CSHT_3199,generic,0.3445
CSHT_3200,backdoor,0.279
CSHT_3201,normal,0.415
CSHT_3202,recon,0.4255
CSHT_3203,dos,0.2612
CSHT_3204,fuzzer,0.5544
CSHT_3205,shellcode,0.3198
CSHT_3206,exploit,0.3563
CSHT_3207,analysis,0.5374
CSHT_3208,worm,0.31
CSHT_3209,generic,0.2178
CSHT_3210,backdoor,0.6467
CSHT_3211,normal,0.7996
CSHT_3212,recon,0.2262
CSHT_3213,dos,0.3627
CSHT_3214,fuzzer,0.3519
CSHT_3215,shellcode,0.7875
CSHT_3216,exploit,0.3215
CSHT_3217,analysis,0.1471
CSHT_3218,worm,0.1063
CSHT_3219,generic,0.269
CSHT_3220,backdoor,0.2145
CSHT_3221,normal,0.5439
CSHT_3222,recon,0.3512
CSHT_3223,dos,0.368
CSHT_3224,fuzzer,0.4549
CSHT_3225,shellcode,0.6699
CSHT_3226,exploit,0.2923
CSHT_3227,analysis,0.6038
CSHT_3228,worm,0.6989
CSHT_3229,generic,0.2571
CSHT_3230,backdoor,0.4625
CSHT_3231,normal,0.7175
CSHT_3232,recon,0.3427
CSHT_3233,dos,0.4016
CSHT_3234,fuzzer,0.2105
CSHT_3235,shellcode,0.0929
CSHT_3236,exploit,0.3933
CSHT_3237,analysis,0.2895
CSHT_3238,worm,0.4914
CSHT_3239,generic,0.277
CSHT_3240,backdoor,0.4192
CSHT_3241,normal,0.4884
CSHT_3242,recon,0.088
CSHT_3243,dos,0.275
CSHT_3244,fuzzer,0.5124
CSHT_3245,shellcode,0.6214
CSHT_3246,exploit,0.235
CSHT_3247,analysis,0.4472
CSHT_3248,worm,0.6263
CSHT_3249,generic,0.223
CSHT_3250,backdoor,0.5114
CSHT_3251,normal,0.4052
CSHT_3252,recon,0.3002
CSHT_3253,dos,0.3216
CSHT_3254,fuzzer,0.5932
CSHT_3255,shellcode,0.321
CSHT_3256,exploit,0.2597
CSHT_3257,analysis,0.3283
CSHT_3258,worm,0.5421
CSHT_3259,generic,0.2369
CSHT_3260,backdoor,0.3619
CSHT_3261,normal,0.1616
CSHT_3262,recon,0.2315
CSHT_3263,dos,0.2253
CSHT_3264,fuzzer,0.1572
CSHT_3265,shellcode,0.3342
CSHT_3266,exploit,0.5022
CSHT_3267,analysis,0.377
CSHT_3268,worm,0.3554
CSHT_3269,generic,0.2665
CSHT_3270,backdoor,0.3522
CSHT_3271,normal,0.8343
CSHT_3272,recon,0.4145
CSHT_3273,dos,0.3691
CSHT_3274,fuzzer,0.2715
CSHT_3275,shellcode,0.1918
CSHT_3276,exploit,0.3116
CSHT_3277,analysis,0.3338
CSHT_3278,worm,0.3296
CSHT_3279,generic,0.3929
CSHT_3280,backdoor,0.2844
CSHT_3281,normal,0.6256
CSHT_3282,recon,0.2679
CSHT_3283,dos,0.2302
CSHT_3284,fuzzer,0.3056
CSHT_3285,shellcode,0.272
CSHT_3286,exploit,0.2776
CSHT_3287,analysis,0.2923
CSHT_3288,worm,0.3405
CSHT_3289,generic,0.4434
CSHT_3290,backdoor,0.4655
CSHT_3291,normal,0.3403
CSHT_3292,recon,0.4635
CSHT_3293,dos,0.3126
CSHT_3294,fuzzer,0.5737
CSHT_3295,shellcode,0.6606
CSHT_3296,exploit,0.2317
CSHT_3297,analysis,0.2746
CSHT_3298,worm,0.1702
CSHT_3299,generic,0.2852
CSHT_3300,backdoor,0.3533
CSHT_3301,normal,0.6535
CSHT_3302,recon,0.3387
CSHT_3303,dos,0.3083
CSHT_3304,fuzzer,0.6046
CSHT_3305,shellcode,0.2714
CSHT_3306,exploit,0.2892
CSHT_3307,analysis,0.2491
CSHT_3308,worm,0.6091
CSHT_3309,generic,0.2356
CSHT_3310,backdoor,0.7122
CSHT_3311,normal,0.6723
CSHT_3312,recon,0.3429
CSHT_3313,dos,0.2571
CSHT_3314,fuzzer,0.4167
CSHT_3315,shellcode,0.4111
CSHT_3316,exploit,0.2949
CSHT_3317,analysis,0.6335
CSHT_3318,worm,0.7006
CSHT_3319,generic,0.2657
CSHT_3320,backdoor,0.2355
CSHT_3321,normal,0.7552
CSHT_3322,recon,0.27
CSHT_3323,dos,0.16
CSHT_3324,fuzzer,0.4959
CSHT_3325,shellcode,0.4748
CSHT_3326,exploit,0.2643
CSHT_3327,analysis,0.2119
CSHT_3328,worm,0.3072
CSHT_3329,generic,0.2844
CSHT_3330,backdoor,0.5926
CSHT_3331,normal,0.3699
CSHT_3332,recon,0.136
CSHT_3333,dos,0.3663
CSHT_3334,fuzzer,0.3041
CSHT_3335,shellcode,0.82
CSHT_3336,exploit,0.4162
CSHT_3337,analysis,0.2907
CSHT_3338,worm,0.3592
CSHT_3339,generic,0.2618
CSHT_3340,backdoor,0.4818
CSHT_3341,normal,0.7776
CSHT_3342,recon,0.5219
CSHT_3343,dos,0.1803
CSHT_3344,fuzzer,0.3629
CSHT_3345,shellcode,0.6049
CSHT_3346,exploit,0.3369
CSHT_3347,analysis,0.3245
CSHT_3348,worm,0.4086
CSHT_3349,generic,0.3571
CSHT_3350,backdoor,0.5647
CSHT_3351,normal,0.8184
CSHT_3352,recon,0.3741
CSHT_3353,dos,0.3914
CSHT_3354,fuzzer,0.4349
CSHT_3355,shellcode,0.5959
CSHT_3356,exploit,0.3029
CSHT_3357,analysis,0.1882
CSHT_3358,worm,0.5739
CSHT_3359,generic,0.3577
CSHT_3360,backdoor,0.614
CSHT_3361,normal,0.7002
CSHT_3362,recon,0.5972
CSHT_3363,dos,0.3031
CSHT_3364,fuzzer,0.3664
CSHT_3365,shellcode,0.5591
CSHT_3366,exploit,0.2372
CSHT_3367,analysis,0.5208
CSHT_3368,worm,0.2333
CSHT_3369,generic,0.3053
CSHT_3370,backdoor,0.4331
CSHT_3371,normal,0.3835
CSHT_3372,recon,0.4276
CSHT_3373,dos,0.1768
CSHT_3374,fuzzer,0.4978
CSHT_3375,shellcode,0.6606
CSHT_3376,exploit,0.4578
CSHT_3377,analysis,0.3842
CSHT_3378,worm,0.4393
CSHT_3379,generic,0.3049
CSHT_3380,backdoor,0.6341
CSHT_3381,normal,0.6312
CSHT_3382,recon,0.2181
CSHT_3383,dos,0.2104
CSHT_3384,fuzzer,0.3568
CSHT_3385,shellcode,0.4971
CSHT_3386,exploit,0.4055
CSHT_3387,analysis,0.2095
CSHT_3388,worm,0.4238
CSHT_3389,generic,0.2308
CSHT_3390,backdoor,0.2196
CSHT_3391,normal,0.5892
CSHT_3392,recon,0.3486
CSHT_3393,dos,0.2411
CSHT_3394,fuzzer,0.2491
CSHT_3395,shellcode,0.5374
CSHT_3396,exploit,0.2453
CSHT_3397,analysis,0.3151
CSHT_3398,worm,0.3226
CSHT_3399,generic,0.5021
CSHT_3400,backdoor,0.303
CSHT_3401,normal,0.4656
CSHT_3402,recon,0.3067
CSHT_3403,dos,0.1832
CSHT_3404,fuzzer,0.2221
CSHT_3405,shellcode,0.6276
CSHT_3406,exploit,0.201
CSHT_3407,analysis,0.4189
CSHT_3408,worm,0.289
CSHT_3409,generic,0.2387
CSHT_3410,backdoor,0.2527
CSHT_3411,normal,0.8009
CSHT_3412,recon,0.2053
CSHT_3413,dos,0.442
CSHT_3414,fuzzer,0.3478
CSHT_3415,shellcode,0.512
CSHT_3416,exploit,0.2894
CSHT_3417,analysis,0.2867
CSHT_3418,worm,0.5315
CSHT_3419,generic,0.2593
CSHT_3420,backdoor,0.1443
CSHT_3421,normal,0.3547
CSHT_3422,recon,0.1787
CSHT_3423,dos,0.2684
CSHT_3424,fuzzer,0.439
CSHT_3425,shellcode,0.2599
CSHT_3426,exploit,0.2862
CSHT_3427,analysis,0.259
CSHT_3428,worm,0.422
CSHT_3429,generic,0.2902
CSHT_3430,backdoor,0.6135
CSHT_3431,normal,0.6281
CSHT_3432,recon,0.271
CSHT_3433,dos,0.2015
CSHT_3434,fuzzer,0.3312
CSHT_3435,shellcode,0.1743
CSHT_3436,exploit,0.2221
CSHT_3437,analysis,0.545
CSHT_3438,worm,0.4861
CSHT_3439,generic,0.3114
CSHT_3440,backdoor,0.4852
CSHT_3441,normal,0.6273
CSHT_3442,recon,0.4001
CSHT_3443,dos,0.2569
CSHT_3444,fuzzer,0.4345
CSHT_3445,shellcode,0.7178
CSHT_3446,exploit,0.2711
CSHT_3447,analysis,0.4456
CSHT_3448,worm,0.1712
CSHT_3449,generic,0.2641
CSHT_3450,backdoor,0.1165
CSHT_3451,normal,0.1456
CSHT_3452,recon,0.3699
CSHT_3453,dos,0.3345
CSHT_3454,fuzzer,0.2661
CSHT_3455,shellcode,0.524
CSHT_3456,exploit,0.2805
CSHT_3457,analysis,0.2912
CSHT_3458,worm,0.5088
CSHT_3459,generic,0.2047
CSHT_3460,backdoor,0.2169
CSHT_3461,normal,0.3663
CSHT_3462,recon,0.1677
CSHT_3463,dos,0.2931
CSHT_3464,fuzzer,0.4053
CSHT_3465,shellcode,0.5488
CSHT_3466,exploit,0.2231
CSHT_3467,analysis,0.2994
CSHT_3468,worm,0.3169
CSHT_3469,generic,0.3015
CSHT_3470,backdoor,0.4313
CSHT_3471,normal,0.7759
CSHT_3472,recon,0.3573
CSHT_3473,dos,0.3205
CSHT_3474,fuzzer,0.2621
CSHT_3475,shellcode,0.6066
CSHT_3476,exploit,0.3478
CSHT_3477,analysis,0.6698
CSHT_3478,worm,0.6671
CSHT_3479,generic,0.3595
CSHT_3480,backdoor,0.6647
CSHT_3481,normal,0.3513
CSHT_3482,recon,0.3275
CSHT_3483,dos,0.4635
CSHT_3484,fuzzer,0.4482
CSHT_3485,shellcode,0.5699
CSHT_3486,exploit,0.3172
CSHT_3487,analysis,0.2898
CSHT_3488,worm,0.3609
CSHT_3489,generic,0.2564
CSHT_3490,backdoor,0.435
CSHT_3491,normal,0.2681
CSHT_3492,recon,0.3603
CSHT_3493,dos,0.3941
CSHT_3494,fuzzer,0.6423
CSHT_3495,shellcode,0.517
CSHT_3496,exploit,0.2439
CSHT_3497,analysis,0.3319
CSHT_3498,worm,0.5077
CSHT_3499,generic,0.5191
CSHT_3500,backdoor,0.1944
CSHT_3501,normal,0.7201
CSHT_3502,recon,0.143
CSHT_3503,dos,0.4654
CSHT_3504,fuzzer,0.3377
CSHT_3505,shellcode,0.2005
CSHT_3506,exploit,0.2382
CSHT_3507,analysis,0.5762
CSHT_3508,worm,0.3196
CSHT_3509,generic,0.3869
CSHT_3510,backdoor,0.6932
CSHT_3511,normal,0.6472
CSHT_3512,recon,0.3406
CSHT_3513,dos,0.2524
CSHT_3514,fuzzer,0.2684
CSHT_3515,shellcode,0.6036
CSHT_3516,exploit,0.4122
CSHT_3517,analysis,0.313
CSHT_3518,worm,0.579
CSHT_3519,generic,0.3058
CSHT_3520,backdoor,0.559
CSHT_3521,normal,0.2
CSHT_3522,recon,0.2429
CSHT_3523,dos,0.4939
CSHT_3524,fuzzer,0.4714
CSHT_3525,shellcode,0.3934
CSHT_3526,exploit,0.2203
CSHT_3527,analysis,0.381
CSHT_3528,worm,0.5326
CSHT_3529,generic,0.4127
CSHT_3530,backdoor,0.7292
CSHT_3531,normal,0.2451
CSHT_3532,recon,0.2618
CSHT_3533,dos,0.2911
CSHT_3534,fuzzer,0.2695
CSHT_3535,shellcode,0.5662
CSHT_3536,exploit,0.3114
CSHT_3537,analysis,0.1686
CSHT_3538,worm,0.4097
CSHT_3539,generic,0.371
CSHT_3540,backdoor,0.4417
CSHT_3541,normal,0.3539
CSHT_3542,recon,0.2562
CSHT_3543,dos,0.1993
CSHT_3544,fuzzer,0.232
CSHT_3545,shellcode,0.7463
CSHT_3546,exploit,0.2408
CSHT_3547,analysis,0.3793
CSHT_3548,worm,0.3862
CSHT_3549,generic,0.3633
CSHT_3550,backdoor,0.2151
CSHT_3551,normal,0.5532
CSHT_3552,recon,0.25
CSHT_3553,dos,0.2074
CSHT_3554,fuzzer,0.4333
CSHT_3555,shellcode,0.2901
CSHT_3556,exploit,0.3945
CSHT_3557,analysis,0.1804
CSHT_3558,worm,0.4898
CSHT_3559,generic,0.2101
CSHT_3560,backdoor,0.3659
CSHT_3561,normal,0.1236
CSHT_3562,recon,0.443
CSHT_3563,dos,0.2815
CSHT_3564,fuzzer,0.209
CSHT_3565,shellcode,0.2579
CSHT_3566,exploit,0.2355
CSHT_3567,analysis,0.4447
CSHT_3568,worm,0.3861
CSHT_3569,generic,0.3785
CSHT_3570,backdoor,0.3291
CSHT_3571,normal,0.6902
CSHT_3572,recon,0.5076
CSHT_3573,dos,0.4416
CSHT_3574,fuzzer,0.2698
CSHT_3575,shellcode,0.4912
CSHT_3576,exploit,0.3927
CSHT_3577,analysis,0.2899
CSHT_3578,worm,0.3842
CSHT_3579,generic,0.3196
CSHT_3580,backdoor,0.3406
CSHT_3581,normal,0.4095
CSHT_3582,recon,0.3906
CSHT_3583,dos,0.3533
CSHT_3584,fuzzer,0.2823
CSHT_3585,shellcode,0.1967
CSHT_3586,exploit,0.3226
CSHT_3587,analysis,0.5281
CSHT_3588,worm,0.4764
CSHT_3589,generic,0.3563
CSHT_3590,backdoor,0.3482
CSHT_3591,normal,0.2988
CSHT_3592,recon,0.317
CSHT_3593,dos,0.2901
CSHT_3594,fuzzer,0.4201
CSHT_3595,shellcode,0.5349
CSHT_3596,exploit,0.2182
CSHT_3597,analysis,0.1324
CSHT_3598,worm,0.508
CSHT_3599,generic,0.3459
CSHT_3600,backdoor,0.4946
CSHT_3601,normal,0.39
CSHT_3602,recon,0.3828
CSHT_3603,dos,0.2611
CSHT_3604,fuzzer,0.4235
CSHT_3605,shellcode,0.6249
CSHT_3606,exploit,0.2546
CSHT_3607,analysis,0.2643
CSHT_3608,worm,0.3324
CSHT_3609,generic,0.2654
CSHT_3610,backdoor,0.7
CSHT_3611,normal,0.3344
CSHT_3612,recon,0.2361
CSHT_3613,dos,0.2879
CSHT_3614,fuzzer,0.4155
CSHT_3615,shellcode,0.49
CSHT_3616,exploit,0.4421
CSHT_3617,analysis,0.3215
CSHT_3618,worm,0.2355
CSHT_3619,generic,0.323
CSHT_3620,backdoor,0.4243
CSHT_3621,normal,0.636
CSHT_3622,recon,0.2379
CSHT_3623,dos,0.2336
CSHT_3624,fuzzer,0.4817
CSHT_3625,shellcode,0.7009
CSHT_3626,exploit,0.1983
CSHT_3627,analysis,0.4064
CSHT_3628,worm,0.6531
CSHT_3629,generic,0.3363
CSHT_3630,backdoor,0.3823
CSHT_3631,normal,0.6261
CSHT_3632,recon,0.5362
CSHT_3633,dos,0.4402
CSHT_3634,fuzzer,0.2045
CSHT_3635,shellcode,0.4481
CSHT_3636,exploit,0.5705
CSHT_3637,analysis,0.3393
CSHT_3638,worm,0.7565
CSHT_3639,generic,0.1915
CSHT_3640,backdoor,0.311
CSHT_3641,normal,0.4319
CSHT_3642,recon,0.2566
CSHT_3643,dos,0.2732
CSHT_3644,fuzzer,0.337
CSHT_3645,shellcode,0.6092
CSHT_3646,exploit,0.2983
CSHT_3647,analysis,0.3501
CSHT_3648,worm,0.5157
CSHT_3649,generic,0.153
CSHT_3650,backdoor,0.3945
CSHT_3651,normal,0.1395
CSHT_3652,recon,0.3555
CSHT_3653,dos,0.3447
CSHT_3654,fuzzer,0.366
CSHT_3655,shellcode,0.113
CSHT_3656,exploit,0.2695
CSHT_3657,analysis,0.3122
CSHT_3658,worm,0.389
CSHT_3659,generic,0.276
CSHT_3660,backdoor,0.1996
CSHT_3661,normal,0.5373
CSHT_3662,recon,0.6141
CSHT_3663,dos,0.3573
CSHT_3664,fuzzer,0.361
CSHT_3665,shellcode,0.2356
CSHT_3666,exploit,0.2788
CSHT_3667,analysis,0.5119
CSHT_3668,worm,0.4378
CSHT_3669,generic,0.2378
CSHT_3670,backdoor,0.1906
CSHT_3671,normal,0.362
CSHT_3672,recon,0.4043
CSHT_3673,dos,0.2441
CSHT_3674,fuzzer,0.4351
CSHT_3675,shellcode,0.5159
CSHT_3676,exploit,0.2851
CSHT_3677,analysis,0.3437
CSHT_3678,worm,0.794
CSHT_3679,generic,0.3662
CSHT_3680,backdoor,0.1779
CSHT_3681,normal,0.1082
CSHT_3682,recon,0.2991
CSHT_3683,dos,0.2225
CSHT_3684,fuzzer,0.449
CSHT_3685,shellcode,0.4216
CSHT_3686,exploit,0.4432
CSHT_3687,analysis,0.3221
CSHT_3688,worm,0.3318
CSHT_3689,generic,0.2559
CSHT_3690,backdoor,0.1109
CSHT_3691,normal,0.7149
CSHT_3692,recon,0.3436
CSHT_3693,dos,0.3692
CSHT_3694,fuzzer,0.405
CSHT_3695,shellcode,0.3735
CSHT_3696,exploit,0.3436
CSHT_3697,analysis,0.2988
CSHT_3698,worm,0.7048
CSHT_3699,generic,0.2212
CSHT_3700,backdoor,0.6351
CSHT_3701,normal,0.4121
CSHT_3702,recon,0.3753
CSHT_3703,dos,0.2482
CSHT_3704,fuzzer,0.2595
CSHT_3705,shellcode,0.4006
CSHT_3706,exploit,0.4985
CSHT_3707,analysis,0.1993
CSHT_3708,worm,0.3354
CSHT_3709,generic,0.2306
CSHT_3710,backdoor,0.7783
CSHT_3711,normal,0.5698
CSHT_3712,recon,0.2046
CSHT_3713,dos,0.2035
CSHT_3714,fuzzer,0.512
CSHT_3715,shellcode,0.1813
CSHT_3716,exploit,0.3864
CSHT_3717,analysis,0.4887
CSHT_3718,worm,0.1911
CSHT_3719,generic,0.2551
CSHT_3720,backdoor,0.5602
CSHT_3721,normal,0.3807
CSHT_3722,recon,0.5469
CSHT_3723,dos,0.2939
CSHT_3724,fuzzer,0.4027
CSHT_3725,shellcode,0.2165
CSHT_3726,exploit,0.1842
CSHT_3727,analysis,0.3042
CSHT_3728,worm,0.5718
CSHT_3729,generic,0.293
CSHT_3730,backdoor,0.2949
CSHT_3731,normal,0.3063
CSHT_3732,recon,0.3917
CSHT_3733,dos,0.3212
CSHT_3734,fuzzer,0.29
CSHT_3735,shellcode,0.5127
CSHT_3736,exploit,0.3464
CSHT_3737,analysis,0.3013
CSHT_3738,worm,0.7107
CSHT_3739,generic,0.346
CSHT_3740,backdoor,0.6697
CSHT_3741,normal,0.6672
CSHT_3742,recon,0.2412
CSHT_3743,dos,0.2159
CSHT_3744,fuzzer,0.1916
CSHT_3745,shellcode,0.45
CSHT_3746,exploit,0.2794
CSHT_3747,analysis,0.2996
CSHT_3748,worm,0.3293
CSHT_3749,generic,0.3336
CSHT_3750,backdoor,0.38
CSHT_3751,normal,0.7539
CSHT_3752,recon,0.2844
CSHT_3753,dos,0.3951
CSHT_3754,fuzzer,0.3618
CSHT_3755,shellcode,0.2032
CSHT_3756,exploit,0.2925
CSHT_3757,analysis,0.2133
CSHT_3758,worm,0.3057
CSHT_3759,generic,0.3994
CSHT_3760,backdoor,0.3287
CSHT_3761,normal,0.2738
CSHT_3762,recon,0.2629
CSHT_3763,dos,0.331
CSHT_3764,fuzzer,0.1937
CSHT_3765,shellcode,0.5544
CSHT_3766,exploit,0.3445
CSHT_3767,analysis,0.3245
CSHT_3768,worm,0.4436
CSHT_3769,generic,0.2161
CSHT_3770,backdoor,0.3596
CSHT_3771,normal,0.578
CSHT_3772,recon,0.5724
CSHT_3773,dos,0.1612
CSHT_3774,fuzzer,0.3576
CSHT_3775,shellcode,0.6682
CSHT_3776,exploit,0.2248
CSHT_3777,analysis,0.3006
CSHT_3778,worm,0.3766
CSHT_3779,generic,0.33
CSHT_3780,backdoor,0.293
CSHT_3781,normal,0.6635
CSHT_3782,recon,0.4004
CSHT_3783,dos,0.5138
CSHT_3784,fuzzer,0.5777
CSHT_3785,shellcode,0.3103
CSHT_3786,exploit,0.4613
CSHT_3787,analysis,0.3197
CSHT_3788,worm,0.3094
CSHT_3789,generic,0.2208
CSHT_3790,backdoor,0.6389
CSHT_3791,normal,0.2026
CSHT_3792,recon,0.3653
CSHT_3793,dos,0.1531
CSHT_3794,fuzzer,0.3283
CSHT_3795,shellcode,0.2987
CSHT_3796,exploit,0.2994
CSHT_3797,analysis,0.2955
CSHT_3798,worm,0.7814
CSHT_3799,generic,0.2933
CSHT_3800,backdoor,0.4039
CSHT_3801,normal,0.7015
CSHT_3802,recon,0.3465
CSHT_3803,dos,0.2423
CSHT_3804,fuzzer,0.3785
CSHT_3805,shellcode,0.6176
CSHT_3806,exploit,0.4369
CSHT_3807,analysis,0.3316
CSHT_3808,worm,0.2645
CSHT_3809,generic,0.4341
CSHT_3810,backdoor,0.1522
CSHT_3811,normal,0.3677
CSHT_3812,recon,0.3166
CSHT_3813,dos,0.4458
CSHT_3814,fuzzer,0.3929
CSHT_3815,shellcode,0.5263
CSHT_3816,exploit,0.2862
CSHT_3817,analysis,0.3423
CSHT_3818,worm,0.3147
CSHT_3819,generic,0.2343
CSHT_3820,backdoor,0.6476
CSHT_3821,normal,0.5592
CSHT_3822,recon,0.3321
CSHT_3823,dos,0.3816
CSHT_3824,fuzzer,0.4214
CSHT_3825,shellcode,0.5865
CSHT_3826,exploit,0.3179
CSHT_3827,analysis,0.2928
CSHT_3828,worm,0.4372
CSHT_3829,generic,0.2945
CSHT_3830,backdoor,0.5805
CSHT_3831,normal,0.4471
CSHT_3832,recon,0.2262
CSHT_3833,dos,0.1819
CSHT_3834,fuzzer,0.3833
CSHT_3835,shellcode,0.3695
CSHT_3836,exploit,0.2417
CSHT_3837,analysis,0.3996
CSHT_3838,worm,0.5912
CSHT_3839,generic,0.4095
CSHT_3840,backdoor,0.5493
CSHT_3841,normal,0.543
CSHT_3842,recon,0.4928
CSHT_3843,dos,0.2465
CSHT_3844,fuzzer,0.4121
CSHT_3845,shellcode,0.672
CSHT_3846,exploit,0.2946
CSHT_3847,analysis,0.2872
CSHT_3848,worm,0.7184
CSHT_3849,generic,0.2954
CSHT_3850,backdoor,0.1316
CSHT_3851,normal,0.4912
CSHT_3852,recon,0.4001
CSHT_3853,dos,0.3604
CSHT_3854,fuzzer,0.5423
CSHT_3855,shellcode,0.5892
CSHT_3856,exploit,0.2216
CSHT_3857,analysis,0.1899
CSHT_3858,worm,0.6531
CSHT_3859,generic,0.3226
CSHT_3860,backdoor,0.1581
CSHT_3861,normal,0.8495
CSHT_3862,recon,0.1454
CSHT_3863,dos,0.3427
CSHT_3864,fuzzer,0.1928
CSHT_3865,shellcode,0.6303
CSHT_3866,exploit,0.2406
CSHT_3867,analysis,0.2369
CSHT_3868,worm,0.6086
CSHT_3869,generic,0.2562
CSHT_3870,backdoor,0.2931
CSHT_3871,normal,0.3131
CSHT_3872,recon,0.393
CSHT_3873,dos,0.4865
CSHT_3874,fuzzer,0.5375
CSHT_3875,shellcode,0.2388
CSHT_3876,exploit,0.2246
CSHT_3877,analysis,0.2194
CSHT_3878,worm,0.7344
CSHT_3879,generic,0.2466
CSHT_3880,backdoor,0.1687
CSHT_3881,normal,0.7816
CSHT_3882,recon,0.1273
CSHT_3883,dos,0.3162
CSHT_3884,fuzzer,0.3036
CSHT_3885,shellcode,0.1919
CSHT_3886,exploit,0.2971
CSHT_3887,analysis,0.4698
CSHT_3888,worm,0.4313
CSHT_3889,generic,0.2292
CSHT_3890,backdoor,0.6396
CSHT_3891,normal,0.525
CSHT_3892,recon,0.4586
CSHT_3893,dos,0.4884
CSHT_3894,fuzzer,0.1
CSHT_3895,shellcode,0.1926
CSHT_3896,exploit,0.2575
CSHT_3897,analysis,0.2989
CSHT_3898,worm,0.4738
CSHT_3899,generic,0.3483
CSHT_3900,backdoor,0.4677
CSHT_3901,normal,0.2481
CSHT_3902,recon,0.2629
CSHT_3903,dos,0.2597
CSHT_3904,fuzzer,0.2181
CSHT_3905,shellcode,0.6661
CSHT_3906,exploit,0.2169
CSHT_3907,analysis,0.4421
CSHT_3908,worm,0.4274
CSHT_3909,generic,0.2755
CSHT_3910,backdoor,0.4332
CSHT_3911,normal,0.1884
CSHT_3912,recon,0.4042
CSHT_3913,dos,0.2888
CSHT_3914,fuzzer,0.4343
CSHT_3915,shellcode,0.3583
CSHT_3916,exploit,0.2404
CSHT_3917,analysis,0.3164
CSHT_3918,worm,0.28
CSHT_3919,generic,0.2246
CSHT_3920,backdoor,0.3069
CSHT_3921,normal,0.7056
CSHT_3922,recon,0.5127
CSHT_3923,dos,0.1959
CSHT_3924,fuzzer,0.3901
CSHT_3925,shellcode,0.2026
CSHT_3926,exploit,0.2545
CSHT_3927,analysis,0.2706
CSHT_3928,worm,0.4083
CSHT_3929,generic,0.2429
CSHT_3930,backdoor,0.4646
CSHT_3931,normal,0.66
CSHT_3932,recon,0.4118
CSHT_3933,dos,0.1828
CSHT_3934,fuzzer,0.4444
CSHT_3935,shellcode,0.2499
CSHT_3936,exploit,0.3
CSHT_3937,analysis,0.2649
CSHT_3938,worm,0.3602
CSHT_3939,generic,0.3279
CSHT_3940,backdoor,0.3625
CSHT_3941,normal,0.5031
CSHT_3942,recon,0.3179
CSHT_3943,dos,0.3071
CSHT_3944,fuzzer,0.3651
CSHT_3945,shellcode,0.7953
CSHT_3946,exploit,0.35
CSHT_3947,analysis,0.3211
CSHT_3948,worm,0.4382
CSHT_3949,generic,0.2819
CSHT_3950,backdoor,0.7339
CSHT_3951,normal,0.2198
CSHT_3952,recon,0.2668
CSHT_3953,dos,0.4896
CSHT_3954,fuzzer,0.4238
CSHT_3955,shellcode,0.5729
CSHT_3956,exploit,0.3709
CSHT_3957,analysis,0.2437
CSHT_3958,worm,0.3437
CSHT_3959,generic,0.3234
CSHT_3960,backdoor,0.5208
CSHT_3961,normal,0.384
CSHT_3962,recon,0.3239
CSHT_3963,dos,0.4371
CSHT_3964,fuzzer,0.2836
CSHT_3965,shellcode,0.7385
CSHT_3966,exploit,0.2374
CSHT_3967,analysis,0.2793
CSHT_3968,worm,0.6075
CSHT_3969,generic,0.3156
CSHT_3970,backdoor,0.6099
CSHT_3971,normal,0.2878
CSHT_3972,recon,0.4326
CSHT_3973,dos,0.1758
CSHT_3974,fuzzer,0.2411
CSHT_3975,shellcode,0.6104
CSHT_3976,exploit,0.1724
CSHT_3977,analysis,0.2135
CSHT_3978,worm,0.3024
CSHT_3979,generic,0.2891
CSHT_3980,backdoor,0.2663
CSHT_3981,normal,0.4851
CSHT_3982,recon,0.2072
CSHT_3983,dos,0.251
CSHT_3984,fuzzer,0.4548
CSHT_3985,shellcode,0.4377
CSHT_3986,exploit,0.1783
CSHT_3987,analysis,0.3988
CSHT_3988,worm,0.6057
CSHT_3989,generic,0.28
CSHT_3990,backdoor,0.664
CSHT_3991,normal,0.7552
CSHT_3992,recon,0.3215
CSHT_3993,dos,0.3277
CSHT_3994,fuzzer,0.117
CSHT_3995,shellcode,0.1923
CSHT_3996,exploit,0.2748
CSHT_3997,analysis,0.366
CSHT_3998,worm,0.4143
CSHT_3999,generic,0.3979
CSHT_4000,backdoor,0.575
CSHT_4001,normal,0.4272
CSHT_4002,recon,0.3725
CSHT_4003,dos,0.3302
CSHT_4004,fuzzer,0.2261
CSHT_4005,shellcode,0.297
CSHT_4006,exploit,0.3364
CSHT_4007,analysis,0.3638
CSHT_4008,worm,0.3923
CSHT_4009,generic,0.3615
CSHT_4010,backdoor,0.6802
CSHT_4011,normal,0.3738
CSHT_4012,recon,0.5068
CSHT_4013,dos,0.3356
CSHT_4014,fuzzer,0.4129
CSHT_4015,shellcode,0.4543
CSHT_4016,exploit,0.2463
CSHT_4017,analysis,0.3879
CSHT_4018,worm,0.7361
CSHT_4019,generic,0.3008
CSHT_4020,backdoor,0.5818
CSHT_4021,normal,0.5187
CSHT_4022,recon,0.4057
CSHT_4023,dos,0.2863
CSHT_4024,fuzzer,0.5143
CSHT_4025,shellcode,0.8598
CSHT_4026,exploit,0.3527
CSHT_4027,analysis,0.4077
CSHT_4028,worm,0.2409
CSHT_4029,generic,0.2841
CSHT_4030,backdoor,0.6396
CSHT_4031,normal,0.487
CSHT_4032,recon,0.4375
CSHT_4033,dos,0.2258
CSHT_4034,fuzzer,0.5043
CSHT_4035,shellcode,0.6253
CSHT_4036,exploit,0.194
CSHT_4037,analysis,0.1897
CSHT_4038,worm,0.3628
CSHT_4039,generic,0.4389
CSHT_4040,backdoor,0.2939
CSHT_4041,normal,0.376
CSHT_4042,recon,0.3422
CSHT_4043,dos,0.3746
CSHT_4044,fuzzer,0.4773
CSHT_4045,shellcode,0.6509
CSHT_4046,exploit,0.2604
CSHT_4047,analysis,0.4171
CSHT_4048,worm,0.2597
CSHT_4049,generic,0.2861
CSHT_4050,backdoor,0.443
CSHT_4051,normal,0.8398
CSHT_4052,recon,0.2825
CSHT_4053,dos,0.3525
CSHT_4054,fuzzer,0.5166
CSHT_4055,shellcode,0.4875
CSHT_4056,exploit,0.2281
CSHT_4057,analysis,0.2214
CSHT_4058,worm,0.2549
CSHT_4059,generic,0.2744
CSHT_4060,backdoor,0.5041
CSHT_4061,normal,0.6674
CSHT_4062,recon,0.2993
CSHT_4063,dos,0.469
CSHT_4064,fuzzer,0.2983
CSHT_4065,shellcode,0.5119
CSHT_4066,exploit,0.3931
CSHT_4067,analysis,0.2285
CSHT_4068,worm,0.2302
CSHT_4069,generic,0.3689
CSHT_4070,backdoor,0.3477
CSHT_4071,normal,0.4234
CSHT_4072,recon,0.4691
CSHT_4073,dos,0.2769
CSHT_4074,fuzzer,0.08
CSHT_4075,shellcode,0.073
CSHT_4076,exploit,0.2435
CSHT_4077,analysis,0.3744
CSHT_4078,worm,0.5184
CSHT_4079,generic,0.2078
CSHT_4080,backdoor,0.1541
CSHT_4081,normal,0.7737
CSHT_4082,recon,0.3022
CSHT_4083,dos,0.2938
CSHT_4084,fuzzer,0.1546
CSHT_4085,shellcode,0.3489
CSHT_4086,exploit,0.3513
CSHT_4087,analysis,0.513
CSHT_4088,worm,0.5645
CSHT_4089,generic,0.3385
CSHT_4090,backdoor,0.6107
CSHT_4091,normal,0.5905
CSHT_4092,recon,0.2431
CSHT_4093,dos,0.3528
CSHT_4094,fuzzer,0.2423
CSHT_4095,shellcode,0.4365
CSHT_4096,exploit,0.4601
CSHT_4097,analysis,0.3074
CSHT_4098,worm,0.6041
CSHT_4099,generic,0.3503
CSHT_4100,backdoor,0.1073
CSHT_4101,normal,0.2966
CSHT_4102,recon,0.4843
CSHT_4103,dos,0.4355
CSHT_4104,fuzzer,0.4806
CSHT_4105,shellcode,0.2733
CSHT_4106,exploit,0.2616
CSHT_4107,analysis,0.3267
CSHT_4108,worm,0.1059
CSHT_4109,generic,0.373
CSHT_4110,backdoor,0.7286
CSHT_4111,normal,0.6034
CSHT_4112,recon,0.4087
CSHT_4113,dos,0.1661
CSHT_4114,fuzzer,0.4175
CSHT_4115,shellcode,0.4482
CSHT_4116,exploit,0.2442
CSHT_4117,analysis,0.3601
CSHT_4118,worm,0.3671
CSHT_4119,generic,0.2861
CSHT_4120,backdoor,0.3203
CSHT_4121,normal,0.4445
CSHT_4122,recon,0.4936
CSHT_4123,dos,0.1527
CSHT_4124,fuzzer,0.3782
CSHT_4125,shellcode,0.5514
CSHT_4126,exploit,0.4123
CSHT_4127,analysis,0.2082
CSHT_4128,worm,0.3052
CSHT_4129,generic,0.2156
CSHT_4130,backdoor,0.2665
CSHT_4131,normal,0.4115
CSHT_4132,recon,0.485
CSHT_4133,dos,0.2479
CSHT_4134,fuzzer,0.2253
CSHT_4135,shellcode,0.329
CSHT_4136,exploit,0.2457
CSHT_4137,analysis,0.3539
CSHT_4138,worm,0.4413
CSHT_4139,generic,0.3678
CSHT_4140,backdoor,0.3771
CSHT_4141,normal,0.4367
CSHT_4142,recon,0.4306
CSHT_4143,dos,0.3671
CSHT_4144,fuzzer,0.4414
CSHT_4145,shellcode,0.2304
CSHT_4146,exploit,0.2998
CSHT_4147,analysis,0.505
CSHT_4148,worm,0.8014
CSHT_4149,generic,0.2513
CSHT_4150,backdoor,0.5647
CSHT_4151,normal,0.8156
CSHT_4152,recon,0.3332
CSHT_4153,dos,0.1359
CSHT_4154,fuzzer,0.4488
CSHT_4155,shellcode,0.2834
CSHT_4156,exploit,0.2711
CSHT_4157,analysis,0.3741
CSHT_4158,worm,0.1976
CSHT_4159,generic,0.3477
CSHT_4160,backdoor,0.6118
CSHT_4161,normal,0.6031
CSHT_4162,recon,0.5194
CSHT_4163,dos,0.3741
CSHT_4164,fuzzer,0.5162
CSHT_4165,shellcode,0.2219
CSHT_4166,exploit,0.2959
CSHT_4167,analysis,0.2567
CSHT_4168,worm,0.4097
CSHT_4169,generic,0.3325
CSHT_4170,backdoor,0.3587
CSHT_4171,normal,0.6666
CSHT_4172,recon,0.3369
CSHT_4173,dos,0.48
CSHT_4174,fuzzer,0.2501
CSHT_4175,shellcode,0.408
CSHT_4176,exploit,0.2474
CSHT_4177,analysis,0.2593
CSHT_4178,worm,0.6667
CSHT_4179,generic,0.249
CSHT_4180,backdoor,0.322
CSHT_4181,normal,0.356
CSHT_4182,recon,0.3858
CSHT_4183,dos,0.3998
CSHT_4184,fuzzer,0.4551
CSHT_4185,shellcode,0.4798
CSHT_4186,exploit,0.3865
CSHT_4187,analysis,0.1886
CSHT_4188,worm,0.5016
CSHT_4189,generic,0.4709
CSHT_4190,backdoor,0.6819
CSHT_4191,normal,0.3373
CSHT_4192,recon,0.5381
CSHT_4193,dos,0.3431
CSHT_4194,fuzzer,0.2721
CSHT_4195,shellcode,0.1909
CSHT_4196,exploit,0.6937
CSHT_4197,analysis,0.4842
CSHT_4198,worm,0.6704
CSHT_4199,generic,0.2804
CSHT_4200,backdoor,0.1755
CSHT_4201,normal,0.5912
CSHT_4202,recon,0.3796
CSHT_4203,dos,0.1781
CSHT_4204,fuzzer,0.5732
CSHT_4205,shellcode,0.7598
CSHT_4206,exploit,0.1919
CSHT_4207,analysis,0.2691
CSHT_4208,worm,0.3464
CSHT_4209,generic,0.3013
CSHT_4210,backdoor,0.4646
CSHT_4211,normal,0.601
CSHT_4212,recon,0.346
CSHT_4213,dos,0.2592
CSHT_4214,fuzzer,0.3027
CSHT_4215,shellcode,0.4654
CSHT_4216,exploit,0.3384
CSHT_4217,analysis,0.5234
CSHT_4218,worm,0.5263
CSHT_4219,generic,0.2981
CSHT_4220,backdoor,0.497
CSHT_4221,normal,0.6415
CSHT_4222,recon,0.4529
CSHT_4223,dos,0.2005
CSHT_4224,fuzzer,0.319
CSHT_4225,shellcode,0.4224
CSHT_4226,exploit,0.2952
CSHT_4227,analysis,0.373
CSHT_4228,worm,0.4716
CSHT_4229,generic,0.4077
CSHT_4230,backdoor,0.2092
CSHT_4231,normal,0.4954
CSHT_4232,recon,0.2263
CSHT_4233,dos,0.2602
CSHT_4234,fuzzer,0.1455
CSHT_4235,shellcode,0.2818
CSHT_4236,exploit,0.4373
CSHT_4237,analysis,0.4311
CSHT_4238,worm,0.4861
CSHT_4239,generic,0.2213
CSHT_4240,backdoor,0.3065
CSHT_4241,normal,0.6867
CSHT_4242,recon,0.212
CSHT_4243,dos,0.2601
CSHT_4244,fuzzer,0.1876
CSHT_4245,shellcode,0.563
CSHT_4246,exploit,0.1428
CSHT_4247,analysis,0.3501
CSHT_4248,worm,0.4751
CSHT_4249,generic,0.2772
CSHT_4250,backdoor,0.3976
CSHT_4251,normal,0.2493
CSHT_4252,recon,0.409
CSHT_4253,dos,0.2308
CSHT_4254,fuzzer,0.4255
CSHT_4255,shellcode,0.6215
CSHT_4256,exploit,0.2943
CSHT_4257,analysis,0.4431
CSHT_4258,worm,0.5159
CSHT_4259,generic,0.4001
CSHT_4260,backdoor,0.3599
CSHT_4261,normal,0.8016
CSHT_4262,recon,0.4911
CSHT_4263,dos,0.3236
CSHT_4264,fuzzer,0.2283
CSHT_4265,shellcode,0.4315
CSHT_4266,exploit,0.2363
CSHT_4267,analysis,0.3231
CSHT_4268,worm,0.2824
CSHT_4269,generic,0.2252
CSHT_4270,backdoor,0.4801
CSHT_4271,normal,0.3697
CSHT_4272,recon,0.2447
CSHT_4273,dos,0.3964
CSHT_4274,fuzzer,0.4813
CSHT_4275,shellcode,0.554
CSHT_4276,exploit,0.2218
CSHT_4277,analysis,0.4839
CSHT_4278,worm,0.6169
CSHT_4279,generic,0.3716
CSHT_4280,backdoor,0.6753
CSHT_4281,normal,0.3431
CSHT_4282,recon,0.5946
CSHT_4283,dos,0.2999
CSHT_4284,fuzzer,0.484
CSHT_4285,shellcode,0.4341
CSHT_4286,exploit,0.1891
CSHT_4287,analysis,0.4711
CSHT_4288,worm,0.2674
CSHT_4289,generic,0.2539
CSHT_4290,backdoor,0.4142
CSHT_4291,normal,0.5723
CSHT_4292,recon,0.2067
CSHT_4293,dos,0.411
CSHT_4294,fuzzer,0.287
CSHT_4295,shellcode,0.4078
CSHT_4296,exploit,0.211
CSHT_4297,analysis,0.1678
CSHT_4298,worm,0.4893
CSHT_4299,generic,0.3899
CSHT_4300,backdoor,0.325
CSHT_4301,normal,0.6125
CSHT_4302,recon,0.3158
CSHT_4303,dos,0.2909
CSHT_4304,fuzzer,0.2777
CSHT_4305,shellcode,0.2843
CSHT_4306,exploit,0.2524
CSHT_4307,analysis,0.3925
CSHT_4308,worm,0.7382
CSHT_4309,generic,0.3193
CSHT_4310,backdoor,0.6555
CSHT_4311,normal,0.221
CSHT_4312,recon,0.1939
CSHT_4313,dos,0.2195
CSHT_4314,fuzzer,0.2607
CSHT_4315,shellcode,0.1783
CSHT_4316,exploit,0.5481
CSHT_4317,analysis,0.4976
CSHT_4318,worm,0.4351
CSHT_4319,generic,0.3806
CSHT_4320,backdoor,0.4192
CSHT_4321,normal,0.7643
CSHT_4322,recon,0.3963
CSHT_4323,dos,0.4354
CSHT_4324,fuzzer,0.3584
CSHT_4325,shellcode,0.354
CSHT_4326,exploit,0.3746
CSHT_4327,analysis,0.2036
CSHT_4328,worm,0.2877
CSHT_4329,generic,0.4211
CSHT_4330,backdoor,0.5431
CSHT_4331,normal,0.5293
CSHT_4332,recon,0.2689
CSHT_4333,dos,0.4379
CSHT_4334,fuzzer,0.2103
CSHT_4335,shellcode,0.7166
CSHT_4336,exploit,0.3899
CSHT_4337,analysis,0.4101
CSHT_4338,worm,0.3744
CSHT_4339,generic,0.3319
CSHT_4340,backdoor,0.6355
CSHT_4341,normal,0.2789
CSHT_4342,recon,0.4892
CSHT_4343,dos,0.1507
CSHT_4344,fuzzer,0.4182
CSHT_4345,shellcode,0.5697
CSHT_4346,exploit,0.2383
CSHT_4347,analysis,0.2857
CSHT_4348,worm,0.7383
CSHT_4349,generic,0.181
CSHT_4350,backdoor,0.5391
CSHT_4351,normal,0.2943
CSHT_4352,recon,0.4781
CSHT_4353,dos,0.2857
CSHT_4354,fuzzer,0.2014
CSHT_4355,shellcode,0.1753
CSHT_4356,exploit,0.3532
CSHT_4357,analysis,0.1439
CSHT_4358,worm,0.7134
CSHT_4359,generic,0.2318
CSHT_4360,backdoor,0.5951
CSHT_4361,normal,0.1992
CSHT_4362,recon,0.3855
CSHT_4363,dos,0.3124
CSHT_4364,fuzzer,0.4752
CSHT_4365,shellcode,0.4106
CSHT_4366,exploit,0.2364
CSHT_4367,analysis,0.4227
CSHT_4368,worm,0.6306
CSHT_4369,generic,0.222
CSHT_4370,backdoor,0.2478
CSHT_4371,normal,0.5682
CSHT_4372,recon,0.3747
CSHT_4373,dos,0.2347
CSHT_4374,fuzzer,0.3616
CSHT_4375,shellcode,0.6466
CSHT_4376,exploit,0.2437
CSHT_4377,analysis,0.3103
CSHT_4378,worm,0.2093
CSHT_4379,generic,0.1914
CSHT_4380,backdoor,0.4269
CSHT_4381,normal,0.4564
CSHT_4382,recon,0.3751
CSHT_4383,dos,0.3427
CSHT_4384,fuzzer,0.479
CSHT_4385,shellcode,0.3393
CSHT_4386,exploit,0.2588
CSHT_4387,analysis,0.2917
CSHT_4388,worm,0.3903
CSHT_4389,generic,0.3294
CSHT_4390,backdoor,0.2999
CSHT_4391,normal,0.3042
CSHT_4392,recon,0.3681
CSHT_4393,dos,0.3275
CSHT_4394,fuzzer,0.2208
CSHT_4395,shellcode,0.712
CSHT_4396,exploit,0.2623
CSHT_4397,analysis,0.4175
CSHT_4398,worm,0.2679
CSHT_4399,generic,0.2246
CSHT_4400,backdoor,0.1426
CSHT_4401,normal,0.4078
CSHT_4402,recon,0.3582
CSHT_4403,dos,0.2908
CSHT_4404,fuzzer,0.2219
CSHT_4405,shellcode,0.3142
CSHT_4406,exploit,0.3116
CSHT_4407,analysis,0.2985
CSHT_4408,worm,0.6332
CSHT_4409,generic,0.166
CSHT_4410,backdoor,0.2739
CSHT_4411,normal,0.7181
CSHT_4412,recon,0.3799
CSHT_4413,dos,0.2888
CSHT_4414,fuzzer,0.4032
CSHT_4415,shellcode,0.7658
CSHT_4416,exploit,0.2381
CSHT_4417,analysis,0.24
CSHT_4418,worm,0.4803
CSHT_4419,generic,0.4401
CSHT_4420,backdoor,0.2371
CSHT_4421,normal,0.4673
CSHT_4422,recon,0.2759
CSHT_4423,dos,0.3422
CSHT_4424,fuzzer,0.6091
CSHT_4425,shellcode,0.3738
CSHT_4426,exploit,0.2453
CSHT_4427,analysis,0.274
CSHT_4428,worm,0.5206
CSHT_4429,generic,0.1436
CSHT_4430,backdoor,0.1988
CSHT_4431,normal,0.4345
CSHT_4432,recon,0.5331
CSHT_4433,dos,0.2952
CSHT_4434,fuzzer,0.5196
CSHT_4435,shellcode,0.2477
CSHT_4436,exploit,0.3747
CSHT_4437,analysis,0.3346
CSHT_4438,worm,0.2751
CSHT_4439,generic,0.2468
CSHT_4440,backdoor,0.3508
CSHT_4441,normal,0.4016
CSHT_4442,recon,0.2541
CSHT_4443,dos,0.266
CSHT_4444,fuzzer,0.5134
CSHT_4445,shellcode,0.7809
CSHT_4446,exploit,0.2177
CSHT_4447,analysis,0.2283
CSHT_4448,worm,0.5122
CSHT_4449,generic,0.2814
CSHT_4450,backdoor,0.4192
CSHT_4451,normal,0.4089
CSHT_4452,recon,0.4438
CSHT_4453,dos,0.2734
CSHT_4454,fuzzer,0.3555
CSHT_4455,shellcode,0.1263
CSHT_4456,exploit,0.3203
CSHT_4457,analysis,0.3372
CSHT_4458,worm,0.5509
CSHT_4459,generic,0.4111
CSHT_4460,backdoor,0.1581
CSHT_4461,normal,0.2651
CSHT_4462,recon,0.2066
CSHT_4463,dos,0.5794
CSHT_4464,fuzzer,0.2836
CSHT_4465,shellcode,0.1308
CSHT_4466,exploit,0.3308
CSHT_4467,analysis,0.3776
CSHT_4468,worm,0.6376
CSHT_4469,generic,0.2648
CSHT_4470,backdoor,0.2752
CSHT_4471,normal,0.7123
CSHT_4472,recon,0.4591
CSHT_4473,dos,0.5055
CSHT_4474,fuzzer,0.2253
CSHT_4475,shellcode,0.3015
CSHT_4476,exploit,0.284
CSHT_4477,analysis,0.3639
CSHT_4478,worm,0.5241
CSHT_4479,generic,0.1511
CSHT_4480,backdoor,0.4593
CSHT_4481,normal,0.4405
CSHT_4482,recon,0.5347
CSHT_4483,dos,0.349
CSHT_4484,fuzzer,0.2596
CSHT_4485,shellcode,0.612
CSHT_4486,exploit,0.387
CSHT_4487,analysis,0.3074
CSHT_4488,worm,0.6939
CSHT_4489,generic,0.4333
CSHT_4490,backdoor,0.3143
CSHT_4491,normal,0.4592
CSHT_4492,recon,0.2091
CSHT_4493,dos,0.3651
CSHT_4494,fuzzer,0.2502
CSHT_4495,shellcode,0.4178
CSHT_4496,exploit,0.1915
CSHT_4497,analysis,0.3927
CSHT_4498,worm,0.346
CSHT_4499,generic,0.3741
CSHT_4500,backdoor,0.3158
CSHT_4501,normal,0.6315
CSHT_4502,recon,0.2457
CSHT_4503,dos,0.361
CSHT_4504,fuzzer,0.1401
CSHT_4505,shellcode,0.2873
CSHT_4506,exploit,0.4007
CSHT_4507,analysis,0.326
CSHT_4508,worm,0.3196
CSHT_4509,generic,0.3219
CSHT_4510,backdoor,0.5346
CSHT_4511,normal,0.4812
CSHT_4512,recon,0.5644
CSHT_4513,dos,0.2611
CSHT_4514,fuzzer,0.5475
CSHT_4515,shellcode,0.6462
CSHT_4516,exploit,0.4019
CSHT_4517,analysis,0.2634
CSHT_4518,worm,0.4407
CSHT_4519,generic,0.157
CSHT_4520,backdoor,0.7539
CSHT_4521,normal,0.3816
CSHT_4522,recon,0.439
CSHT_4523,dos,0.4718
CSHT_4524,fuzzer,0.1601
CSHT_4525,shellcode,0.3671
CSHT_4526,exploit,0.2249
CSHT_4527,analysis,0.2397
CSHT_4528,worm,0.5781
CSHT_4529,generic,0.1536
CSHT_4530,backdoor,0.4345
CSHT_4531,normal,0.5569
CSHT_4532,recon,0.2672
CSHT_4533,dos,0.3433
CSHT_4534,fuzzer,0.3629
CSHT_4535,shellcode,0.2399
CSHT_4536,exploit,0.3104
CSHT_4537,analysis,0.2705
CSHT_4538,worm,0.4841
CSHT_4539,generic,0.3598
CSHT_4540,backdoor,0.329
CSHT_4541,normal,0.5434
CSHT_4542,recon,0.4892
CSHT_4543,dos,0.275
CSHT_4544,fuzzer,0.4554
CSHT_4545,shellcode,0.2735
CSHT_4546,exploit,0.288
CSHT_4547,analysis,0.3962
CSHT_4548,worm,0.4511
CSHT_4549,generic,0.1997
CSHT_4550,backdoor,0.1918
CSHT_4551,normal,0.6529
CSHT_4552,recon,0.444
CSHT_4553,dos,0.359
CSHT_4554,fuzzer,0.0744
CSHT_4555,shellcode,0.3589
CSHT_4556,exploit,0.2373
CSHT_4557,analysis,0.4646
CSHT_4558,worm,0.787
CSHT_4559,generic,0.5812
CSHT_4560,backdoor,0.3661
CSHT_4561,normal,0.2626
CSHT_4562,recon,0.4678
CSHT_4563,dos,0.2364
CSHT_4564,fuzzer,0.5338
CSHT_4565,shellcode,0.6041
CSHT_4566,exploit,0.245
CSHT_4567,analysis,0.4682
CSHT_4568,worm,0.3746
CSHT_4569,generic,0.3282
CSHT_4570,backdoor,0.6334
CSHT_4571,normal,0.7822
CSHT_4572,recon,0.28
CSHT_4573,dos,0.3343
CSHT_4574,fuzzer,0.2649
CSHT_4575,shellcode,0.4082
CSHT_4576,exploit,0.3625
CSHT_4577,analysis,0.2717
CSHT_4578,worm,0.4125
CSHT_4579,generic,0.3448
CSHT_4580,backdoor,0.1668
CSHT_4581,normal,0.2932
CSHT_4582,recon,0.3701
CSHT_4583,dos,0.4303
CSHT_4584,fuzzer,0.3564
CSHT_4585,shellcode,0.6425
CSHT_4586,exploit,0.3516
CSHT_4587,analysis,0.4532
CSHT_4588,worm,0.5983
CSHT_4589,generic,0.3473
CSHT_4590,backdoor,0.3571
CSHT_4591,normal,0.1136
CSHT_4592,recon,0.3115
CSHT_4593,dos,0.2832
CSHT_4594,fuzzer,0.623
CSHT_4595,shellcode,0.6611
CSHT_4596,exploit,0.3756
CSHT_4597,analysis,0.3666
CSHT_4598,worm,0.4621
CSHT_4599,generic,0.2055
CSHT_4600,backdoor,0.641
CSHT_4601,normal,0.704
CSHT_4602,recon,0.2483
CSHT_4603,dos,0.2901
CSHT_4604,fuzzer,0.2024
CSHT_4605,shellcode,0.2926
CSHT_4606,exploit,0.1507
CSHT_4607,analysis,0.3895
CSHT_4608,worm,0.1218
CSHT_4609,generic,0.3828
CSHT_4610,backdoor,0.6477
CSHT_4611,normal,0.2059
CSHT_4612,recon,0.4258
CSHT_4613,dos,0.2197
CSHT_4614,fuzzer,0.4812
CSHT_4615,shellcode,0.5457
CSHT_4616,exploit,0.2936
CSHT_4617,analysis,0.4325
CSHT_4618,worm,0.0919
CSHT_4619,generic,0.2973
CSHT_4620,backdoor,0.5209
CSHT_4621,normal,0.3509
CSHT_4622,recon,0.2942
CSHT_4623,dos,0.1994
CSHT_4624,fuzzer,0.4731
CSHT_4625,shellcode,0.1653
CSHT_4626,exploit,0.3213
CSHT_4627,analysis,0.5401
CSHT_4628,worm,0.5486
CSHT_4629,generic,0.3564
CSHT_4630,backdoor,0.3882
CSHT_4631,normal,0.2096
CSHT_4632,recon,0.5324
CSHT_4633,dos,0.4442
CSHT_4634,fuzzer,0.2193
CSHT_4635,shellcode,0.3449
CSHT_4636,exploit,0.2491
CSHT_4637,analysis,0.3441
CSHT_4638,worm,0.2791
CSHT_4639,generic,0.2679
CSHT_4640,backdoor,0.2153
CSHT_4641,normal,0.1768
CSHT_4642,recon,0.2462
CSHT_4643,dos,0.4011
CSHT_4644,fuzzer,0.5161
CSHT_4645,shellcode,0.3532
CSHT_4646,exploit,0.1775
CSHT_4647,analysis,0.3255
CSHT_4648,worm,0.5953
CSHT_4649,generic,0.175
CSHT_4650,backdoor,0.6426
CSHT_4651,normal,0.6068
CSHT_4652,recon,0.2276
CSHT_4653,dos,0.2962
CSHT_4654,fuzzer,0.2633
CSHT_4655,shellcode,0.7519
CSHT_4656,exploit,0.2186
CSHT_4657,analysis,0.29
CSHT_4658,worm,0.33
CSHT_4659,generic,0.188
CSHT_4660,backdoor,0.6379
CSHT_4661,normal,0.6685
CSHT_4662,recon,0.2774
CSHT_4663,dos,0.3975
CSHT_4664,fuzzer,0.3312
CSHT_4665,shellcode,0.4839
CSHT_4666,exploit,0.2167
CSHT_4667,analysis,0.3759
CSHT_4668,worm,0.1944
CSHT_4669,generic,0.4059
CSHT_4670,backdoor,0.1792
CSHT_4671,normal,0.6154
CSHT_4672,recon,0.3232
CSHT_4673,dos,0.3716
CSHT_4674,fuzzer,0.4368
CSHT_4675,shellcode,0.3737
CSHT_4676,exploit,0.5748
CSHT_4677,analysis,0.415
CSHT_4678,worm,0.7113
CSHT_4679,generic,0.2532
CSHT_4680,backdoor,0.1289
CSHT_4681,normal,0.6714
CSHT_4682,recon,0.5195
CSHT_4683,dos,0.5274
CSHT_4684,fuzzer,0.435
CSHT_4685,shellcode,0.5505
CSHT_4686,exploit,0.1815
CSHT_4687,analysis,0.2939
CSHT_4688,worm,0.5125
CSHT_4689,generic,0.1437
CSHT_4690,backdoor,0.2701
CSHT_4691,normal,0.4019
CSHT_4692,recon,0.2329
CSHT_4693,dos,0.2666
CSHT_4694,fuzzer,0.3519
CSHT_4695,shellcode,0.3571
CSHT_4696,exploit,0.3148
CSHT_4697,analysis,0.4425
CSHT_4698,worm,0.6307
CSHT_4699,generic,0.2893
CSHT_4700,backdoor,0.2259
CSHT_4701,normal,0.2901
CSHT_4702,recon,0.3102
CSHT_4703,dos,0.2664
CSHT_4704,fuzzer,0.4102
CSHT_4705,shellcode,0.7014
CSHT_4706,exploit,0.2851
CSHT_4707,analysis,0.2863
CSHT_4708,worm,0.428
CSHT_4709,generic,0.1691
CSHT_4710,backdoor,0.304
CSHT_4711,normal,0.5987
CSHT_4712,recon,0.2432
CSHT_4713,dos,0.2976
CSHT_4714,fuzzer,0.2648
CSHT_4715,shellcode,0.8322
CSHT_4716,exploit,0.2383
CSHT_4717,analysis,0.4789
CSHT_4718,worm,0.287
CSHT_4719,generic,0.2424
CSHT_4720,backdoor,0.3453
CSHT_4721,normal,0.5558
CSHT_4722,recon,0.3246
CSHT_4723,dos,0.2361
CSHT_4724,fuzzer,0.2657
CSHT_4725,shellcode,0.5175
CSHT_4726,exploit,0.2394
CSHT_4727,analysis,0.1833
CSHT_4728,worm,0.7501
CSHT_4729,generic,0.1991
CSHT_4730,backdoor,0.1352
CSHT_4731,normal,0.7317
CSHT_4732,recon,0.2889
CSHT_4733,dos,0.1996
CSHT_4734,fuzzer,0.4728
CSHT_4735,shellcode,0.7932
CSHT_4736,exploit,0.5749
CSHT_4737,analysis,0.3083
CSHT_4738,worm,0.4687
CSHT_4739,generic,0.2672
CSHT_4740,backdoor,0.4497
CSHT_4741,normal,0.3623
CSHT_4742,recon,0.3348
CSHT_4743,dos,0.3515
CSHT_4744,fuzzer,0.5397
CSHT_4745,shellcode,0.5035
CSHT_4746,exploit,0.2413
CSHT_4747,analysis,0.2617
CSHT_4748,worm,0.7273
CSHT_4749,generic,0.2334
CSHT_4750,backdoor,0.2405
CSHT_4751,normal,0.6275
CSHT_4752,recon,0.5619
CSHT_4753,dos,0.5436
CSHT_4754,fuzzer,0.4267
CSHT_4755,shellcode,0.5887
CSHT_4756,exploit,0.3735
CSHT_4757,analysis,0.2761
CSHT_4758,worm,0.2722
CSHT_4759,generic,0.3312
CSHT_4760,backdoor,0.4958
CSHT_4761,normal,0.6844
CSHT_4762,recon,0.2679
CSHT_4763,dos,0.3564
CSHT_4764,fuzzer,0.1206
CSHT_4765,shellcode,0.7824
CSHT_4766,exploit,0.1838
CSHT_4767,analysis,0.2979
CSHT_4768,worm,0.3646
CSHT_4769,generic,0.4985
CSHT_4770,backdoor,0.4466
CSHT_4771,normal,0.3881
CSHT_4772,recon,0.2253
CSHT_4773,dos,0.2833
CSHT_4774,fuzzer,0.4513
CSHT_4775,shellcode,0.1533
CSHT_4776,exploit,0.1998
CSHT_4777,analysis,0.4298
CSHT_4778,worm,0.3002
CSHT_4779,generic,0.3078
CSHT_4780,backdoor,0.6914
CSHT_4781,normal,0.3149
CSHT_4782,recon,0.2785
CSHT_4783,dos,0.3129
CSHT_4784,fuzzer,0.5891
CSHT_4785,shellcode,0.5715
CSHT_4786,exploit,0.3493
CSHT_4787,analysis,0.2784
CSHT_4788,worm,0.3435
CSHT_4789,generic,0.3511
CSHT_4790,backdoor,0.3181
CSHT_4791,normal,0.6837
CSHT_4792,recon,0.3184
CSHT_4793,dos,0.2008
CSHT_4794,fuzzer,0.1601
CSHT_4795,shellcode,0.1181
CSHT_4796,exploit,0.2893
CSHT_4797,analysis,0.2828
CSHT_4798,worm,0.5452
CSHT_4799,generic,0.4304
CSHT_4800,backdoor,0.2759
CSHT_4801,normal,0.5298
CSHT_4802,recon,0.2539
CSHT_4803,dos,0.2449
CSHT_4804,fuzzer,0.3188
CSHT_4805,shellcode,0.475
CSHT_4806,exploit,0.3408
CSHT_4807,analysis,0.1024
CSHT_4808,worm,0.6165
CSHT_4809,generic,0.305
CSHT_4810,backdoor,0.2533
CSHT_4811,normal,0.7259
CSHT_4812,recon,0.4316
CSHT_4813,dos,0.229
CSHT_4814,fuzzer,0.3209
CSHT_4815,shellcode,0.2288
CSHT_4816,exploit,0.4972
CSHT_4817,analysis,0.4168
CSHT_4818,worm,0.3153
CSHT_4819,generic,0.4618
CSHT_4820,backdoor,0.6774
CSHT_4821,normal,0.4828
CSHT_4822,recon,0.4296
CSHT_4823,dos,0.2516
CSHT_4824,fuzzer,0.351
CSHT_4825,shellcode,0.5534
CSHT_4826,exploit,0.2768
CSHT_4827,analysis,0.1767
CSHT_4828,worm,0.5435
CSHT_4829,generic,0.2708
CSHT_4830,backdoor,0.4941
CSHT_4831,normal,0.263
CSHT_4832,recon,0.3115
CSHT_4833,dos,0.6476
CSHT_4834,fuzzer,0.6529
CSHT_4835,shellcode,0.3973
CSHT_4836,exploit,0.1488
CSHT_4837,analysis,0.3509
CSHT_4838,worm,0.6347
CSHT_4839,generic,0.3151
CSHT_4840,backdoor,0.2338
CSHT_4841,normal,0.6633
CSHT_4842,recon,0.6578
CSHT_4843,dos,0.4368
CSHT_4844,fuzzer,0.1387
CSHT_4845,shellcode,0.5996
CSHT_4846,exploit,0.3781
CSHT_4847,analysis,0.4087
CSHT_4848,worm,0.1973
CSHT_4849,generic,0.4915
CSHT_4850,backdoor,0.4769
CSHT_4851,normal,0.8181
CSHT_4852,recon,0.3848
CSHT_4853,dos,0.4415
CSHT_4854,fuzzer,0.2904
CSHT_4855,shellcode,0.1969
CSHT_4856,exploit,0.2452
CSHT_4857,analysis,0.3145
CSHT_4858,worm,0.5193
CSHT_4859,generic,0.2251
CSHT_4860,backdoor,0.2391
CSHT_4861,normal,0.7438
CSHT_4862,recon,0.4611
CSHT_4863,dos,0.1699
CSHT_4864,fuzzer,0.3111
CSHT_4865,shellcode,0.8164
CSHT_4866,exploit,0.2687
CSHT_4867,analysis,0.3669
CSHT_4868,worm,0.3275
CSHT_4869,generic,0.1124
CSHT_4870,backdoor,0.6428
CSHT_4871,normal,0.4355
CSHT_4872,recon,0.2222
CSHT_4873,dos,0.1694
CSHT_4874,fuzzer,0.5362
CSHT_4875,shellcode,0.4968
CSHT_4876,exploit,0.1821
CSHT_4877,analysis,0.4398
CSHT_4878,worm,0.6879
CSHT_4879,generic,0.2109
CSHT_4880,backdoor,0.5736
CSHT_4881,normal,0.3618
CSHT_4882,recon,0.4982
CSHT_4883,dos,0.4834
CSHT_4884,fuzzer,0.4537
CSHT_4885,shellcode,0.741
CSHT_4886,exploit,0.3339
CSHT_4887,analysis,0.3203
CSHT_4888,worm,0.4666
CSHT_4889,generic,0.3481
CSHT_4890,backdoor,0.1588
CSHT_4891,normal,0.6711
CSHT_4892,recon,0.3134
CSHT_4893,dos,0.2354
CSHT_4894,fuzzer,0.4598
CSHT_4895,shellcode,0.5559
CSHT_4896,exploit,0.3622
CSHT_4897,analysis,0.4771
CSHT_4898,worm,0.5459
CSHT_4899,generic,0.4913
CSHT_4900,backdoor,0.3096
CSHT_4901,normal,0.3052
CSHT_4902,recon,0.3894
CSHT_4903,dos,0.3253
CSHT_4904,fuzzer,0.3716
CSHT_4905,shellcode,0.3769
CSHT_4906,exploit,0.254
CSHT_4907,analysis,0.5884
CSHT_4908,worm,0.6543
CSHT_4909,generic,0.324
CSHT_4910,backdoor,0.3586
CSHT_4911,normal,0.6079
CSHT_4912,recon,0.1484
CSHT_4913,dos,0.4088
CSHT_4914,fuzzer,0.4959
CSHT_4915,shellcode,0.824
CSHT_4916,exploit,0.2922
CSHT_4917,analysis,0.3545
CSHT_4918,worm,0.378
CSHT_4919,generic,0.2508
CSHT_4920,backdoor,0.3531
CSHT_4921,normal,0.7273
CSHT_4922,recon,0.272
CSHT_4923,dos,0.2006
CSHT_4924,fuzzer,0.2995
CSHT_4925,shellcode,0.6738
CSHT_4926,exploit,0.4004
CSHT_4927,analysis,0.3897
CSHT_4928,worm,0.3535
CSHT_4929,generic,0.416
CSHT_4930,backdoor,0.3072
CSHT_4931,normal,0.2671
CSHT_4932,recon,0.5402
CSHT_4933,dos,0.4885
CSHT_4934,fuzzer,0.2379
CSHT_4935,shellcode,0.5285
CSHT_4936,exploit,0.2299
CSHT_4937,analysis,0.3481
CSHT_4938,worm,0.339
CSHT_4939,generic,0.2148
CSHT_4940,backdoor,0.6975
CSHT_4941,normal,0.1768
CSHT_4942,recon,0.3487
CSHT_4943,dos,0.4368
CSHT_4944,fuzzer,0.289
CSHT_4945,shellcode,0.4391
CSHT_4946,exploit,0.3762
CSHT_4947,analysis,0.2784
CSHT_4948,worm,0.4982
CSHT_4949,generic,0.3747
CSHT_4950,backdoor,0.6818
CSHT_4951,normal,0.2897
CSHT_4952,recon,0.4258
CSHT_4953,dos,0.1577
CSHT_4954,fuzzer,0.4541
CSHT_4955,shellcode,0.2897
CSHT_4956,exploit,0.283
CSHT_4957,analysis,0.3739
CSHT_4958,worm,0.3994
CSHT_4959,generic,0.2456
CSHT_4960,backdoor,0.6515
CSHT_4961,normal,0.5589
CSHT_4962,recon,0.5405
CSHT_4963,dos,0.3041
CSHT_4964,fuzzer,0.256
CSHT_4965,shellcode,0.4942
CSHT_4966,exploit,0.3996
CSHT_4967,analysis,0.0827
CSHT_4968,worm,0.277
CSHT_4969,generic,0.2265
CSHT_4970,backdoor,0.6369
CSHT_4971,normal,0.2616
CSHT_4972,recon,0.4235
CSHT_4973,dos,0.4996
CSHT_4974,fuzzer,0.4241
CSHT_4975,shellcode,0.2356
CSHT_4976,exploit,0.2396
CSHT_4977,analysis,0.4146
CSHT_4978,worm,0.3137
CSHT_4979,generic,0.5167
CSHT_4980,backdoor,0.2631
CSHT_4981,normal,0.4385
CSHT_4982,recon,0.3711
CSHT_4983,dos,0.2305
CSHT_4984,fuzzer,0.5688
CSHT_4985,shellcode,0.2753
CSHT_4986,exploit,0.1342
CSHT_4987,analysis,0.3642
CSHT_4988,worm,0.4005
CSHT_4989,generic,0.2347
CSHT_4990,backdoor,0.5896
CSHT_4991,normal,0.4892
CSHT_4992,recon,0.2408
CSHT_4993,dos,0.3113
CSHT_4994,fuzzer,0.4267
CSHT_4995,shellcode,0.2172
CSHT_4996,exploit,0.2165
CSHT_4997,analysis,0.3732
CSHT_4998,worm,0.3577
CSHT_4999,generic,0.2717
